starting server
Listening to port 4567
Connected!!!
pygame 2.6.1 (SDL 2.28.4, Python 3.7.9)
Hello from the pygame community. https://www.pygame.org/contribute.html

Welcome to CARLA path planning


init keyboard control
velocity sent:  1.7018480919850723e-07
steer:  0.0
throttle:  0.0
brake:  3.83142733775573e-08
velocity sent:  6.172875033487084e-08
steer:  -0.00306267795849853
throttle:  0.0
brake:  1.32693702268802e-08
velocity sent:  2.8059158686037437e-09
steer:  -0.0088429743380078
throttle:  0.0
brake:  8.95574988964099e-10
velocity sent:  9.9893461223396e-08
steer:  -0.0105345048981844
throttle:  0.0
brake:  2.12839595134705e-08
velocity sent:  3.053130127269829e-09
steer:  -0.00745745669429241
throttle:  6.76885252700092e-09
brake:  0.0
velocity sent:  3.90677224670216e-08
steer:  -0.00849450331632564
throttle:  0.0
brake:  8.54143835203705e-09
velocity sent:  2.4845198368944593e-09
steer:  -0.00849450331632564
throttle:  0.0
brake:  8.58965799710349e-10
velocity sent:  4.268451474133901e-08
steer:  -0.00849450331632564
throttle:  0.0
brake:  9.30096472964371e-09
velocity sent:  4.903333151791075e-08
steer:  -0.00849450331632564
throttle:  0.472012991325231
brake:  0.0
velocity sent:  4.910956109291778e-08
steer:  -0.00856462923770298
throttle:  0.691759747452902
brake:  0.0
velocity sent:  1.1064400301280344e-08
steer:  -0.00856462923770298
throttle:  0.631574251458903
brake:  0.0
velocity sent:  4.8752382400093526e-08
steer:  -0.00851506580783877
throttle:  0.631574243544426
brake:  0.0
velocity sent:  3.6974414449703987
steer:  -0.0109466915578319
throttle:  0.0
brake:  0.291404451197022
velocity sent:  2.7196009932602205
steer:  -0.0123120575964778
throttle:  0.06183968043735
brake:  0.0
velocity sent:  2.901690796731653
steer:  -0.0108936067631195
throttle:  0.0236008217083492
brake:  0.0
velocity sent:  2.344427848472929
steer:  -0.00806931659509667
throttle:  0.185433241252869
brake:  0.0
velocity sent:  2.0850468181293977
steer:  -0.00863337570512321
throttle:  0.195322221764313
brake:  0.0
velocity sent:  2.0686429510161815
steer:  0.0283339416076756
throttle:  0.200633236439453
brake:  0.0
velocity sent:  1.384839776848468
steer:  0.0452478366173882
throttle:  0.342919593645615
brake:  0.0
velocity sent:  1.441992337433169
steer:  0.0532944699979183
throttle:  0.327297301584819
brake:  0.0
velocity sent:  1.7843946404329605
steer:  0.0400803522840644
throttle:  0.259965022801639
brake:  0.0
velocity sent:  1.8555890788600036
steer:  0.0101200099719026
throttle:  0.240026640685059
brake:  0.0
velocity sent:  1.705391160470981
steer:  0.000125762347918932
throttle:  0.277263758620918
brake:  0.0
velocity sent:  1.7342244781714742
steer:  0.022164656189489
throttle:  0.269670211939233
brake:  0.0
velocity sent:  1.739899261645734
steer:  0.0108221778908148
throttle:  0.270785172825678
brake:  0.0
velocity sent:  1.7248077202443926
steer:  -0.00930335626451348
throttle:  0.275922307880551
brake:  0.0
velocity sent:  1.7777331600171835
steer:  -0.0221526921827884
throttle:  0.266500024574656
brake:  0.0
velocity sent:  1.7697723554086022
steer:  -0.0374293944473168
throttle:  0.269018600578823
brake:  0.0
velocity sent:  1.7898176535868142
steer:  -0.0522690408263716
throttle:  0.264809087961398
brake:  0.0
velocity sent:  1.7670777536199809
steer:  -0.0674269162656333
throttle:  0.272136590472669
brake:  0.0
velocity sent:  1.7829701014418828
steer:  -0.0674349236185082
throttle:  0.266980005432723
brake:  0.0
velocity sent:  1.770453880222147
steer:  -0.0697555481655717
throttle:  0.271343682534998
brake:  0.0
velocity sent:  1.797334316448298
steer:  -0.0664188312944057
throttle:  0.264697493229928
brake:  0.0
velocity sent:  1.7810657276778283
steer:  -0.0596998432366107
throttle:  0.270141864103177
brake:  0.0
velocity sent:  1.7748491616050137
steer:  -0.0563640190972359
throttle:  0.270145855876831
brake:  0.0
velocity sent:  1.8056086194665828
steer:  -0.0466691954006883
throttle:  0.261951475905705
brake:  0.0
velocity sent:  1.760653605043644
steer:  -0.0439706719121093
throttle:  0.273852785563448
brake:  0.0
velocity sent:  1.7710406063956274
steer:  -0.0391181881636434
throttle:  0.271671515279532
brake:  0.0
velocity sent:  1.797443530080741
steer:  -0.0677114189158777
throttle:  0.264744122312957
brake:  0.0
velocity sent:  1.8011772997309203
steer:  -0.087811038229195
throttle:  0.266072264581228
brake:  0.0
velocity sent:  1.7686713328196269
steer:  -0.0980045733794418
throttle:  0.276228040538789
brake:  0.0
velocity sent:  1.7964633999201665
steer:  -0.084022498045351
throttle:  0.267791229094773
brake:  0.0
velocity sent:  1.8063096452499257
steer:  -0.0556124308365798
throttle:  0.265654986178643
brake:  0.0
velocity sent:  1.8114244028096966
steer:  -0.043338027156598
throttle:  0.265368586717471
brake:  0.0
velocity sent:  1.7949177396500535
steer:  -0.065454017738191
throttle:  0.270873616534081
brake:  0.0
velocity sent:  1.810371410290131
steer:  -0.0544396926974897
throttle:  0.0695498560881976
brake:  0.0
velocity sent:  1.540197076160928
steer:  -0.0408038307474255
throttle:  0.0
brake:  0.0969556272538755
velocity sent:  0.00231126785394689
steer:  -0.0127334431464314
throttle:  0.349168504651945
brake:  0.0
velocity sent:  0.05324616458238151
steer:  -0.00719720818792131
throttle:  0.215441311674415
brake:  0.0
velocity sent:  0.30185241449606465
steer:  0.0168802941819006
throttle:  0.143838969625723
brake:  0.0
velocity sent:  0.23747811320924148
steer:  0.0219785767277151
throttle:  0.177246072889051
brake:  0.0
velocity sent:  0.19843992483271308
steer:  0.00177433417627027
throttle:  0.189036372106831
brake:  0.0
velocity sent:  0.16829589740873055
steer:  0.0362449109635303
throttle:  0.192243562795745
brake:  0.0
velocity sent:  0.353491523751008
steer:  0.0667479514263143
throttle:  0.138980294930137
brake:  0.0
velocity sent:  0.17546679404255605
steer:  0.0709326043087893
throttle:  0.191181138276294
brake:  0.0
velocity sent:  0.2528393258565108
steer:  0.0792698344751792
throttle:  0.174932906595364
brake:  0.0
velocity sent:  0.24287622319432747
steer:  0.0792346674438106
throttle:  0.0
brake:  0.112026508297318
velocity sent:  0.0008683302392334392
steer:  0.0790722397166052
throttle:  0.0179981010102766
brake:  0.0
velocity sent:  0.045739641237207994
steer:  0.0787023688829528
throttle:  0.00857512570070196
brake:  0.0
velocity sent:  0.02840338004545219
steer:  0.078450794762678
throttle:  0.0122157405509707
brake:  0.0
velocity sent:  0.01881494308461968
steer:  0.0784654024441489
throttle:  0.0142293123127455
brake:  0.0
velocity sent:  0.013977101476414863
steer:  0.078475416968122
throttle:  0.0152452590504685
brake:  0.0
velocity sent:  0.01119599656947799
steer:  0.0791666504202311
throttle:  0.668563555725137
brake:  0.0
velocity sent:  0.009823841002315602
steer:  0.0791687999378361
throttle:  0.64678426430827
brake:  0.0
velocity sent:  0.1718625148296048
steer:  0.0791895486221224
throttle:  0.61275614280454
brake:  0.0
velocity sent:  1.081993693905335
steer:  0.0796587997971585
throttle:  0.421628595198636
brake:  0.0
velocity sent:  2.63726129354192
steer:  0.0891864308550263
throttle:  0.0
brake:  0.0287147850491565
velocity sent:  2.1783600556768112
steer:  0.0534395720447624
throttle:  0.229143295640937
brake:  0.0
velocity sent:  1.3811704577253443
steer:  0.0453396377762296
throttle:  0.359841012181537
brake:  0.0
velocity sent:  1.599636170482989
steer:  0.024294808368694
throttle:  0.297391713636408
brake:  0.0
velocity sent:  1.8439219538681724
steer:  0.024559149505322
throttle:  0.263568956146132
brake:  0.0
velocity sent:  1.8733482524783147
steer:  0.0200343827338153
throttle:  0.255720148630337
brake:  0.0
velocity sent:  1.8387603849180807
steer:  0.022220552258318
throttle:  0.265337704706798
brake:  0.0
velocity sent:  1.8039444234030622
steer:  0.0251500153245738
throttle:  0.272649056624952
brake:  0.0Error: No spirals generated 
Error: No spirals generated 
Error: No spirals generated 
Error: No spirals generated 
Error: No spirals generated 
Error: No spirals generated 
Error: No spirals generated 
Error: No spirals generated 
Error: No spirals generated 
Error: No spirals generated 
Error: No spirals generated 
Error: No spirals generated 
Error: No spirals generated 

velocity sent:  1.7841117391825325
steer:  0.0310962017741919
throttle:  0.279124118343181
brake:  0.0
velocity sent:  1.8385486965196853
steer:  0.0328961348978847
throttle:  0.266105742564736
brake:  0.0
velocity sent:  0.0072104860654116105
steer:  0.0371879034178434
throttle:  0.798440095984752
brake:  0.0
velocity sent:  0.02227633329909972
steer:  0.0370967661885505
throttle:  0.648769211229335
brake:  0.0
velocity sent:  0.03890720430575852
steer:  0.0381476268062804
throttle:  0.645727903719174
brake:  0.0
velocity sent:  0.031572566835646625
steer:  0.0127270778054333
throttle:  0.64859864726843
brake:  0.0
velocity sent:  0.023831733085789834
steer:  0.0104930272810903
throttle:  0.6502242223559
brake:  0.0
velocity sent:  0.026460101083957403
steer:  -0.00465217606631587
throttle:  0.651246908229232
brake:  0.0
velocity sent:  0.030390075039024318
steer:  -0.000747731503673596
throttle:  0.650631883138521
brake:  0.0
velocity sent:  0.012043709554239375
steer:  0.00561220773803412
throttle:  0.657739599136782
brake:  0.0
velocity sent:  0.03515192006955772
steer:  0.0121072194519728
throttle:  0.651419165689782
brake:  0.0
velocity sent:  0.005754562261041412
steer:  0.0608024438674931
throttle:  0.661732127652604
brake:  0.0
velocity sent:  0.036380738140566395
steer:  0.0622555692319
throttle:  0.652948842093222
brake:  0.0
velocity sent:  0.03173798276299298
steer:  0.074057624054251
throttle:  0.656074805679498
brake:  0.0
velocity sent:  0.03920118762085687
steer:  0.0686353724927562
throttle:  0.654136112229141
brake:  0.0
velocity sent:  0.04197568727679302
steer:  0.0453934964062902
throttle:  0.653553467301395
brake:  0.0
velocity sent:  0.03396362440424923
steer:  0.0479100409993275
throttle:  0.657654183883979
brake:  0.0
velocity sent:  0.008874750915265028
steer:  0.0447509321312041
throttle:  0.662281882286862
brake:  0.0
velocity sent:  0.03721048643188272
steer:  0.0390003731666204
throttle:  0.65585069355889
brake:  0.0
velocity sent:  0.03915084423727856
steer:  0.0360262158044694
throttle:  0.657710077261086
brake:  0.0
velocity sent:  0.03127754495175546
steer:  0.0286096380749743
throttle:  0.661772205680183
brake:  0.0
velocity sent:  0.04285234759498839
steer:  0.0335538548052965
throttle:  0.658711633182262
brake:  0.0
velocity sent:  0.033361891723186154
steer:  0.0216984518044838
throttle:  0.66324100125634
brake:  0.0
velocity sent:  0.03139614403545866
steer:  0.0211477630242838
throttle:  0.662894571801019
brake:  0.0
velocity sent:  0.032060448798875166
steer:  0.0180816887311173
throttle:  0.662755067800701
brake:  0.0
velocity sent:  0.030023431344452928
steer:  0.0161076102285693
throttle:  0.665127177841492
brake:  0.0
velocity sent:  0.03616349070495346
steer:  0.0168086126632301
throttle:  0.663674803979433
brake:  0.0
velocity sent:  0.03093995589101974
steer:  0.0179324103361618
throttle:  0.666969498184546
brake:  0.0
velocity sent:  0.015784951362853863
steer:  0.0185889501810048
throttle:  0.669734166350346
brake:  0.0
velocity sent:  0.03132100706392754
steer:  0.0196385488913427
throttle:  0.666471594653121
brake:  0.0
velocity sent:  0.0032464112835950527
steer:  0.0211787396152948
throttle:  0.680087271352785
brake:  0.0
velocity sent:  0.03301985961367847
steer:  0.0216702217278882
throttle:  0.673273355287861
brake:  0.0
velocity sent:  0.03125973468973456
steer:  0.0221788962787671
throttle:  0.675564507780565
brake:  0.0
velocity sent:  0.037478796351456345
steer:  0.0217159443637483
throttle:  0.674117694837687
brake:  0.0
velocity sent:  0.035152792881903164
steer:  0.0203736446900716
throttle:  0.406033872638976
brake:  0.0
velocity sent:  0.011628219819471899
steer:  0.0211804368743528
throttle:  0.261044900303301
brake:  0.0
velocity sent:  0.008633864751776911
steer:  0.020897735230365
throttle:  0.261673714867517
brake:  0.0
velocity sent:  0.03332710480415742
steer:  0.0206276151045622
throttle:  0.25510008696146
brake:  0.0
velocity sent:  0.00769083689310746
steer:  0.0218217277504198
throttle:  0.262459162426971
brake:  0.0
velocity sent:  0.004599711986436382
steer:  0.0227175660687006
throttle:  0.263951901485241
brake:  0.0
velocity sent:  0.006166122945764621
steer:  0.020856009783278
throttle:  0.263847122564023
brake:  0.0
velocity sent:  0.027536599166109628
steer:  0.0218130765848385
throttle:  0.259484635434497
brake:  0.0
velocity sent:  0.007791785124581327
steer:  0.0216733560446769
throttle:  0.265800032991253
brake:  0.0
velocity sent:  0.012502190967892306
steer:  0.0217225120172172
throttle:  0.263231262640835
brake:  0.0
velocity sent:  0.010232758306613923
steer:  0.0206087961464235
throttle:  0.263707843499704
brake:  0.0
velocity sent:  0.010923853906049903
steer:  0.0206773631927498
throttle:  0.0
brake:  0.0261989212077966
velocity sent:  0.00035044201988453154
steer:  0.0206659960019207
throttle:  0.056076782936253
brake:  0.0
velocity sent:  0.005139421258288306
steer:  0.0206399169797834
throttle:  0.0550710972961882
brake:  0.0
velocity sent:  0.018257498088251434
steer:  0.0206192412441909
throttle:  0.052316301161896
brake:  0.0
velocity sent:  0.0057631266501137314
steer:  0.0206155754083746
throttle:  0.0549401191639049
brake:  0.0
velocity sent:  0.019132889972428378
steer:  0.0207446776204882
throttle:  0.0510554189954469
brake:  0.0
velocity sent:  0.004881974341799922
steer:  0.0207443479758182
throttle:  0.464699198049203
brake:  0.0
velocity sent:  0.024217181369136233
steer:  0.0207451686802709
throttle:  0.624359519577653
brake:  0.0
velocity sent:  0.016315664030058758
steer:  0.0207507840763618
throttle:  0.68271661750913
brake:  0.0
velocity sent:  0.010415603389766867
steer:  0.0207467105135047
throttle:  0.683955630243591
brake:  0.0
velocity sent:  0.009465573322850017
steer:  2.47338993138143e-05
throttle:  0.686025174609983
brake:  0.0
velocity sent:  0.009465573322850017
steer:  0.00754936022311094
throttle:  0.68594917220463
brake:  0.0
velocity sent:  0.018667888659986046
steer:  0.00754782946621656
throttle:  0.684016685983831
brake:  0.0
velocity sent:  0.009369508689033272
steer:  -0.0536994454984082
throttle:  0.688504804956203
brake:  0.0
velocity sent:  0.009369508689033272
steer:  -0.0315955364474132
throttle:  0.687760934558527
brake:  0.0
velocity sent:  0.015028017247514597
steer:  -0.0315965828699995
throttle:  0.686572647761245
brake:  0.0
velocity sent:  0.007756331202655623
steer:  -0.103740864046093
throttle:  0.688099701830666
brake:  0.0
velocity sent:  0.007756331202655623
steer:  -0.103740864046093
throttle:  0.688099701830666
brake:  0.0
velocity sent:  0.007018065291394285
steer:  -0.103741640885816
throttle:  0.688254737672031
brake:  0.0
velocity sent:  0.007018065291394285
steer:  -0.108816801497557
throttle:  0.688254737672031
brake:  0.0
velocity sent:  0.007018065291394285
steer:  -0.108816801497557
throttle:  0.688254737672031
brake:  0.0
velocity sent:  0.007150511888425413
steer:  -0.108817721431594
throttle:  0.688226923886654
brake:  0.0
velocity sent:  0.007150511888425413
steer:  -0.108655947041579
throttle:  0.688226923886654
brake:  0.0
velocity sent:  0.006109971661457507
steer:  -0.10865672905227
throttle:  0.688445437334317
brake:  0.0
velocity sent:  0.006109971661457507
steer:  -0.10865672905227
throttle:  0.688445437334317
brake:  0.0
velocity sent:  0.006109971661457507
steer:  -0.12685193354167
throttle:  0.688445437334317
brake:  0.0
velocity sent:  0.00637458172861904
steer:  -0.249911124319317
throttle:  0.690164955048823
brake:  0.0
velocity sent:  0.0033067738089684394
steer:  -0.301400060748363
throttle:  0.690830363517323
brake:  0.0
velocity sent:  0.001269251712655017
steer:  -0.026010589440195
throttle:  0.693219872117598
brake:  0.0
velocity sent:  0.0038638690149116572
steer:  -0.266174596530145
throttle:  0.692512000716418
brake:  0.0
velocity sent:  0.0010224365286759587Error: No spirals generated 
Error: No spirals generated 
Error: No spirals generated 
Error: No spirals generated 
Error: No spirals generated 
Error: No spirals generated 
Error: No spirals generated 
Error: No spirals generated 
Error: No spirals generated 
Error: No spirals generated 
Error: No spirals generated 
Error: No spirals generated 
Error: No spirals generated 
Error: No spirals generated 
Error: No spirals generated 
Error: No spirals generated 
Error: No spirals generated 
Error: No spirals generated 
Error: No spirals generated 
Error: No spirals generated 
Error: No spirals generated 
Error: No spirals generated 
Error: No spirals generated 
Error: No spirals generated 
Error: No spirals generated 
Error: No spirals generated 
Error: No spirals generated 
Error: No spirals generated 
Error: No spirals generated 
Error: No spirals generated 
Error: No spirals generated 
Error: No spirals generated 
Error: No spirals generated 
Error: No spirals generated 
Error: No spirals generated 
Error: No spirals generated 
Error: No spirals generated 
Error: No spirals generated 
Error: No spirals generated 
Error: No spirals generated 
Error: No spirals generated 
Error: No spirals generated 
Error: No spirals generated 
Error: No spirals generated 
Error: No spirals generated 
Error: No spirals generated 
Error: No spirals generated 
Error: No spirals generated 
Error: No spirals generated 
Error: No spirals generated 
Error: No spirals generated 
Error: No spirals generated 
Error: No spirals generated 
Error: No spirals generated 
Error: No spirals generated 
Error: No spirals generated 
Error: No spirals generated 
Error: No spirals generated 
Error: No spirals generated 
Error: No spirals generated 
Error: No spirals generated 
Error: No spirals generated 
Error: No spirals generated 
Error: No spirals generated 
Error: No spirals generated 
Error: No spirals generated 
Error: No spirals generated 
Error: No spirals generated 
Error: No spirals generated 
Error: No spirals generated 
Error: No spirals generated 
Error: No spirals generated 
Error: No spirals generated 
Error: No spirals generated 
Error: No spirals generated 
Error: No spirals generated 

steer:  -0.310520361832159
throttle:  0.695134550245764
brake:  0.0
velocity sent:  0.0010224365286759587
steer:  -0.295326336322899
throttle:  0.694907235646865
brake:  0.0
velocity sent:  0.0004912925516011584
steer:  -0.295326766953811
throttle:  0.695018775882051
brake:  0.0
velocity sent:  0.0004912925516011584
steer:  -0.300151663983665
throttle:  0.695018775882051
brake:  0.0
velocity sent:  0.003342848888196808
steer:  -0.300151762157708
throttle:  0.694419949051366
brake:  0.0
velocity sent:  0.003342848888196808
steer:  -0.300151762157708
throttle:  0.694419949051366
brake:  0.0
velocity sent:  0.003342848888196808
steer:  -0.299854799698839
throttle:  0.694419949051366
brake:  0.0
velocity sent:  0.0004325714779254705
steer:  -0.299854910143724
throttle:  0.695031107307522
brake:  0.0
velocity sent:  0.0004325714779254705
steer:  -0.300019496049453
throttle:  0.695031107307522
brake:  0.0
velocity sent:  0.0032627914438967025
steer:  -0.300019604171279
throttle:  0.694436761114669
brake:  0.0
velocity sent:  0.0032627914438967025
steer:  -0.300019604171279
throttle:  0.694436761114669
brake:  0.0
velocity sent:  0.0032627914438967025
steer:  -0.315861013679947
throttle:  0.694436761114669
brake:  0.0
velocity sent:  0.0004167208514345805
steer:  -0.315861071036721
throttle:  0.695034435939086
brake:  0.0
velocity sent:  0.0004167208514345805
steer:  -0.315862803608724
throttle:  0.695034435939086
brake:  0.0
velocity sent:  0.0004167208514345805
steer:  -0.315862803608724
throttle:  0.695034435939086
brake:  0.0
velocity sent:  0.003031743260462076
steer:  -0.315862927438984
throttle:  0.69448528123319
brake:  0.0
velocity sent:  0.003031743260462076
steer:  -0.315550711978545
throttle:  0.69448528123319
brake:  0.0
velocity sent:  0.0001815364916732398
steer:  -0.315550780708092
throttle:  0.695083824654635
brake:  0.0
velocity sent:  0.0001815364916732398
steer:  -0.315243420990391
throttle:  0.695083824654635
brake:  0.0
velocity sent:  0.0001815364916732398
steer:  -0.315243420990391
throttle:  0.695083824654635
brake:  0.0
velocity sent:  0.0007116369802174666
steer:  -0.315243628609605
throttle:  0.694972503552041
brake:  0.0
velocity sent:  0.0007116369802174666
steer:  -0.343332674119684
throttle:  0.694972503552041
brake:  0.0
velocity sent:  0.0014997725974092303
steer:  -0.343332709080288
throttle:  0.694806995072431
brake:  0.0
velocity sent:  0.0014997725974092303
steer:  -0.343001918396506
throttle:  0.694806995072431
brake:  0.0
velocity sent:  0.0014997725974092303
steer:  -0.343001918396506
throttle:  0.694806995072431
brake:  0.0
velocity sent:  0.0008398274818203103
steer:  -0.343001933135218
throttle:  0.694945583546705
brake:  0.0
velocity sent:  0.0008398274818203103
steer:  -0.342702076415543
throttle:  0.694945583546705
brake:  0.0
velocity sent:  0.002108030338755863
steer:  -0.342702115860257
throttle:  0.694679260946748
brake:  0.0
velocity sent:  0.002108030338755863
steer:  -0.378232611875675
throttle:  0.694679260946748
brake:  0.0
velocity sent:  0.002108030338755863
steer:  -0.378232611875675
throttle:  0.694679260946748
brake:  0.0
velocity sent:  0.0015187164330136157
steer:  -0.37823256796339
throttle:  0.694803016866954
brake:  0.0
velocity sent:  0.0015187164330136157
steer:  -0.377883626216295
throttle:  0.694803016866954
brake:  0.0
velocity sent:  0.001163941217538646
steer:  -0.377883635539931
throttle:  0.694877519662204
brake:  0.0
velocity sent:  0.001163941217538646
steer:  -0.377883635539931
throttle:  0.694877519662204
brake:  0.0
velocity sent:  0.001163941217538646
steer:  -0.377564674218099
throttle:  0.694877519662204
brake:  0.0
velocity sent:  0.0014364814366698985
steer:  -0.37756464514258
throttle:  0.694820286216186
brake:  0.0
velocity sent:  0.0014364814366698985
steer:  -0.123842019493463
throttle:  0.694820286216186
brake:  0.0
velocity sent:  0.0014364814366698985
steer:  -0.123842019493463
throttle:  0.694820286216186
brake:  0.0
velocity sent:  0.00021957688099377975
steer:  -0.123841959007484
throttle:  0.695075836172878
brake:  0.0
velocity sent:  0.00021957688099377975
steer:  -0.123680581140113
throttle:  0.695075836172878
brake:  0.0
velocity sent:  0.002406379426729742
steer:  -0.123680486878338
throttle:  0.694616607638274
brake:  0.0
velocity sent:  0.002406379426729742
steer:  -0.123542010122188
throttle:  0.694616607638274
brake:  0.0
velocity sent:  0.002406379426729742
steer:  -0.123542010122188
throttle:  0.694616607638274
brake:  0.0
velocity sent:  0.00012746203429738726
steer:  -0.123541964095231
throttle:  0.695095180290684
brake:  0.0
velocity sent:  0.00012746203429738726
steer:  -0.123435573112784
throttle:  0.695095180290684
brake:  0.0
velocity sent:  0.002778034683552544
steer:  -0.123435710908597
throttle:  0.694538560034341
brake:  0.0
velocity sent:  0.002778034683552544
steer:  -0.141613831870814
throttle:  0.694538560034341
brake:  0.0
velocity sent:  0.002778034683552544
steer:  -0.141613831870814
throttle:  0.694538560034341
brake:  0.0
velocity sent:  0.00902145639913191
steer:  -0.141614584651109
throttle:  0.693227441474069
brake:  0.0
velocity sent:  0.00902145639913191
steer:  -0.141613756698351
throttle:  0.693227441474069
brake:  0.0
velocity sent:  0.004140946473216755
steer:  -0.141614393786018
throttle:  0.694252348558511
brake:  0.0
velocity sent:  0.004140946473216755
steer:  -0.141453522590113
throttle:  0.694252348558511
brake:  0.0
velocity sent:  0.004140946473216755
steer:  -0.141453522590113
throttle:  0.694252348558511
brake:  0.0
velocity sent:  0.008961922761475956
steer:  -0.141453993053234
throttle:  0.693239943537977
brake:  0.0
velocity sent:  0.008961922761475956
steer:  -0.141273283482793
throttle:  0.693239943537977
brake:  0.0
velocity sent:  0.004117861462024828
steer:  -0.14127366280604
throttle:  0.694257196410862
brake:  0.0
velocity sent:  0.004117861462024828
steer:  -0.17353416791499
throttle:  0.694257196410862
brake:  0.0
velocity sent:  0.004117861462024828
steer:  -0.17353416791499
throttle:  0.694257196410862
brake:  0.0
velocity sent:  0.008207561687056242
steer:  -0.173534588653997
throttle:  0.693398359363605
brake:  0.0
velocity sent:  0.008207561687056242
steer:  -0.173343088203199
throttle:  0.693398359363605
brake:  0.0
velocity sent:  0.008207561687056242
steer:  -0.173343088203199
throttle:  0.693398359363605
brake:  0.0
velocity sent:  0.004104491322306329
steer:  -0.173343495605501
throttle:  0.694260004140203
brake:  0.0
velocity sent:  0.004104491322306329
steer:  -0.173136304035818
throttle:  0.694260004140203
brake:  0.0
velocity sent:  0.009380665845788129
steer:  -0.173136824824652
throttle:  0.693152007490271
brake:  0.0
velocity sent:  0.009380665845788129
steer:  -0.214674287284836
throttle:  0.693152007490271
brake:  0.0
velocity sent:  0.009380665845788129
steer:  -0.214674287284836
throttle:  0.693152007490271
brake:  0.0
velocity sent:  0.0032012140476381816
steer:  -0.216453161002476
throttle:  0.696740273947767
brake:  0.0
velocity sent:  0.0032012140476381816
steer:  -0.216219867368212
throttle:  0.696245917803915
brake:  0.0
velocity sent:  0.0
steer:  -0.216219867368212
throttle:  0.696918172753919
brake:  0.0
velocity sent:  0.0
steer:  -0.21595787817574
throttle:  0.696918172753919
brake:  0.0
velocity sent:  0.0
steer:  -0.21595787817574
throttle:  0.696918172753919
brake:  0.0
velocity sent:  0.0032128065540716374
steer:  -0.215958475653884
throttle:  0.696243483377564
brake:  0.0
velocity sent:  0.0032128065540716374
steer:  -0.268814363569562
throttle:  0.696243483377564
brake:  0.0
velocity sent:  0.005525164725121967
steer:  -0.26881463680961
throttle:  0.695757888161643
brake:  0.0
velocity sent:  0.005525164725121967
steer:  -0.268534535455488
throttle:  0.695757888161643
brake:  0.0
velocity sent:  0.005525164725121967
steer:  -0.268534535455488
throttle:  0.695757888161643Error: No spirals generated 
Error: No spirals generated 
Error: No spirals generated 
Error: No spirals generated 
Error: No spirals generated 
Error: No spirals generated 
Error: No spirals generated 
Error: No spirals generated 
Error: No spirals generated 
Error: No spirals generated 
Error: No spirals generated 
Error: No spirals generated 
Error: No spirals generated 
Error: No spirals generated 
Error: No spirals generated 
Error: No spirals generated 
Error: No spirals generated 
Error: No spirals generated 
Error: No spirals generated 
Error: No spirals generated 
Error: No spirals generated 
Error: No spirals generated 
Error: No spirals generated 
Error: No spirals generated 
Error: No spirals generated 
Error: No spirals generated 
Error: No spirals generated 
Error: No spirals generated 
Error: No spirals generated 
Error: No spirals generated 

brake:  0.0
velocity sent:  0.0019262040162538016
steer:  -0.268534741963948
throttle:  0.696513669910506
brake:  0.0
velocity sent:  0.0019262040162538016
steer:  -0.268268634310843
throttle:  0.696513669910506
brake:  0.0
velocity sent:  0.0019262040162538016
steer:  -0.268268634310843
throttle:  0.696513669910506
brake:  0.0
velocity sent:  0.0011231247710849386
steer:  -0.268268888286608
throttle:  0.696682316551991
brake:  0.0
velocity sent:  0.0011231247710849386
steer:  -0.296431188762778
throttle:  0.696682316551991
brake:  0.0
velocity sent:  0.003552285512390847
steer:  -0.296431652211857
throttle:  0.696172192796317
brake:  0.0
velocity sent:  0.003552285512390847
steer:  -0.296137620333925
throttle:  0.696172192796317
brake:  0.0
velocity sent:  0.003552285512390847
steer:  -0.296137620333925
throttle:  0.696172192796317
brake:  0.0
velocity sent:  0.0010435891526682037
steer:  -0.29613775179472
throttle:  0.696699019031858
brake:  0.0
velocity sent:  0.0010435891526682037
steer:  -0.295842179432451
throttle:  0.696699019031858
brake:  0.0
velocity sent:  0.00026105109802732437
steer:  -0.29584225810488
throttle:  0.696863352023333
brake:  0.0
velocity sent:  0.00026105109802732437
steer:  -0.29584225810488
throttle:  0.696863352023333
brake:  0.0
velocity sent:  0.00026105109802732437
steer:  -0.295486712898495
throttle:  0.696863352023333
brake:  0.0
velocity sent:  0.0030730271841638043
steer:  -0.295486833772231
throttle:  0.696272837045244
brake:  0.0
velocity sent:  0.0030730271841638043
steer:  -0.344493785522684
throttle:  0.696272837045244
brake:  0.0
velocity sent:  0.0030730271841638043
steer:  -0.344493785522684
throttle:  0.696272837045244
brake:  0.0
velocity sent:  0.00035211766893146343
steer:  -0.34449386099348
throttle:  0.696844228043443
brake:  0.0
velocity sent:  0.00035211766893146343
steer:  -0.344164617999105
throttle:  0.696844228043443
brake:  0.0
velocity sent:  0.002792805630165244
steer:  -0.344164711866251
throttle:  0.696331683571584
brake:  0.0
velocity sent:  0.002792805630165244
steer:  -0.343845366732336
throttle:  0.696331683571584
brake:  0.0
velocity sent:  0.002792805630165244
steer:  -0.343845366732336
throttle:  0.696331683571584
brake:  0.0
velocity sent:  0.013246336781207837
steer:  -0.343845656712996
throttle:  0.694136442029865
brake:  0.0
velocity sent:  0.013246336781207837
steer:  -0.40530437915442
throttle:  0.694136442029865
brake:  0.0
velocity sent:  0.009384656411373106
steer:  -0.405305276730377
throttle:  0.694947394907531
brake:  0.0
velocity sent:  0.009384656411373106
steer:  -0.405305276730377
throttle:  0.694947394907531
brake:  0.0
velocity sent:  0.009384656411373106
steer:  -0.404968938490882
throttle:  0.694947394907531
brake:  0.0
velocity sent:  0.007621507607242315
steer:  -0.404969582789156
throttle:  0.695317656156398
brake:  0.0
velocity sent:  0.007621507607242315
steer:  -0.404671017149785
throttle:  0.695317656156398
brake:  0.0
velocity sent:  0.007621507607242315
steer:  -0.404671017149785
throttle:  0.695317656156398
brake:  0.0
velocity sent:  0.007086993182576238
steer:  -0.404671657887755
throttle:  0.695429904185578
brake:  0.0
velocity sent:  0.007086993182576238
steer:  0.53451768539149
throttle:  0.695429904185578
brake:  0.0
velocity sent:  0.032241065156659005
steer:  0.453108915360833
throttle:  0.689923424895592
brake:  0.0
velocity sent:  0.02952755862487181
steer:  0.296381290958646
throttle:  0.692505587025194
brake:  0.0
velocity sent:  0.0010858503086094372
steer:  0.312553994723593
throttle:  0.70254449841423
brake:  0.0
velocity sent:  0.005154952382734124
steer:  0.445374998988557
throttle:  0.699414650313363
brake:  0.0
velocity sent:  0.023459507028003302
steer:  0.476965227530229
throttle:  0.695897745128412
brake:  0.0
velocity sent:  0.023922595138479105
steer:  0.480023554327765
throttle:  0.697264860996833
brake:  0.0
velocity sent:  0.024949686083900035
steer:  0.311718443953546
throttle:  0.698752342938294
brake:  0.0
velocity sent:  0.01687691853033694
steer:  0.473290162631777
throttle:  0.700529791400176
brake:  0.0
velocity sent:  0.006097591136070305
steer:  0.503742570824536
throttle:  0.702793450152972
brake:  0.0
velocity sent:  0.0348332598438603
steer:  0.526309355598247
throttle:  0.696247826972419
brake:  0.0
velocity sent:  0.03347264117543381
steer:  0.521389970958012
throttle:  0.698832410389412
brake:  0.0
velocity sent:  0.02334563025586695
steer:  0.495021030188163
throttle:  0.703552198074657
brake:  0.0
velocity sent:  0.0023258973859266096
steer:  0.501877492428935
throttle:  0.707156181103779
brake:  0.0
velocity sent:  0.03178853292818806
steer:  0.494866227614735
throttle:  0.700969027639904
brake:  0.0
velocity sent:  0.024003550175725093
steer:  0.483346764835339
throttle:  0.705009935013187
brake:  0.0
velocity sent:  0.0242337105513962
steer:  0.497258493303406
throttle:  0.704338802714099
brake:  0.0
velocity sent:  0.038470839081498676
steer:  0.474780109529524
throttle:  0.70199122407548
brake:  0.0
velocity sent:  0.0024263306802035775
steer:  0.468521146776541
throttle:  0.71069954112216
brake:  0.0
velocity sent:  0.058898710330803065
steer:  0.453522597207828
throttle:  0.696104153511183
brake:  0.0
velocity sent:  0.025037042197582654
steer:  0.451495595479475
throttle:  0.707732894191207
brake:  0.0
velocity sent:  0.02126646922544479
steer:  0.446593743758945
throttle:  0.708524714515356
brake:  0.0
velocity sent:  0.000957016804978931
steer:  0.457621029959569
throttle:  0.716207788671482
brake:  0.0
velocity sent:  0.0029481949484760693
steer:  0.448096676256817
throttle:  0.71416488506771
brake:  0.0
velocity sent:  0.019874165356077077
steer:  0.443236278131279
throttle:  0.711049506941415
brake:  0.0
velocity sent:  0.02394656106183178
steer:  0.443096394477614
throttle:  0.711548381475814
brake:  0.0
velocity sent:  0.024649725535824316
steer:  0.445757198753612
throttle:  0.713129884892377
brake:  0.0
velocity sent:  0.01995651694017468
steer:  0.441047731733197
throttle:  0.714171711855383
brake:  0.0
velocity sent:  0.004179360541629423
steer:  0.438817744894522
throttle:  0.717484914699077
brake:  0.0
velocity sent:  0.027996537951591217
steer:  0.438042953296357
throttle:  0.712368280480641
brake:  0.0
velocity sent:  0.02493246057342907
steer:  0.437195607062544
throttle:  0.714917110922852
brake:  0.0
velocity sent:  0.02945355987617412
steer:  0.435983834105252
throttle:  0.715389676318921
brake:  0.0
velocity sent:  0.023011030946610677
steer:  0.432737023327237
throttle:  0.717104295338349
brake:  0.0
velocity sent:  0.003078808909654522
steer:  0.432183109519804
throttle:  0.724676812777109
brake:  0.0
velocity sent:  0.027555636433302673
steer:  0.431081828357281
throttle:  0.717942101234186
brake:  0.0
velocity sent:  0.02449906800243986
steer:  0.427466861862084
throttle:  0.718583980604668
brake:  0.0
velocity sent:  0.032443572769699
steer:  0.425233858885393
throttle:  0.718062991429931
brake:  0.0
velocity sent:  0.02455211618779408
steer:  0.422893872997364
throttle:  0.720355757693511
brake:  0.0
velocity sent:  0.03297446322017166
steer:  0.420867579742179
throttle:  0.7196960190803
brake:  0.0
velocity sent:  0.16797530467801933
steer:  0.419291472797282
throttle:  0.692019630136742
brake:  0.0
velocity sent:  0.024618352601296085
steer:  0.415993923257005
throttle:  0.722124590072854
brake:  0.0
velocity sent:  0.03609778695955022
steer:  0.42403584936111
throttle:  0.726611460802982
brake:  0.0
velocity sent:  0.02416791002465286
steer:  0.420710517623182
throttle:  0.729346323646476
brake:  0.0
velocity sent:  0.004443474918875466
steer:  0.418597804879968
throttle:  0.736857826411668
brake:  0.0
velocity sent:  0.02568973280353363
steer:  0.417005910076614
throttle:  0.730818157447428
brake:  0.0
velocity sent:  0.025219382665716196
steer:  0.414967868511539
throttle:  0.732739286252754
brake:  0.0
velocity sent:  0.03148471732107171
steer:  0.413462793992593
throttle:  0.731385937964104
brake:  0.0
velocity sent:  0.03198213756946788
steer:  0.409748950125447
throttle:  0.731281479711941
brake:  0.0
velocity sent:  0.016694101721487904
steer:  0.408151508816393
throttle:  0.737500407236068
brake:  0.0
velocity sent:  0.003935649501928035
steer:  0.406468515990232
throttle:  0.738956639334337
brake:  0.0
velocity sent:  0.03203725054031005
steer:  0.405943371320207
throttle:  0.732596383163193
brake:  0.0
velocity sent:  0.007193941701783417
steer:  0.402826603013062
throttle:  0.740061606102355
brake:  0.0
velocity sent:  0.028162861882732548
steer:  0.400901222175715
throttle:  0.735770012208804
brake:  0.0
velocity sent:  0.0036709252628471835
steer:  0.399673051685434
throttle:  0.742590832513456
brake:  0.0
velocity sent:  0.0244157337319595
steer:  0.396788917196396
throttle:  0.738234422734942
brake:  0.0
velocity sent:  0.022988968945526884
steer:  0.394551728982778
throttle:  0.740433963112204
brake:  0.0
velocity sent:  0.03539155381098325
steer:  0.393249319377153
throttle:  0.737715279107544
brake:  0.0
velocity sent:  0.02240924638310007
steer:  0.391605776713129
throttle:  0.743262808021572
brake:  0.0
velocity sent:  0.04451540772189565
steer:  0.390386151589525
throttle:  0.737581929546194
brake:  0.0
velocity sent:  0.0324742668641573
steer:  0.388167018696579
throttle:  0.742850763492563
brake:  0.0
velocity sent:  0.0315369011016026
steer:  0.3878115043777
throttle:  0.74208431903408
brake:  0.0
velocity sent:  0.029324670160728053
steer:  0.384578796660492
throttle:  0.742548887531663
brake:  0.0
velocity sent:  0.003172349535631532
steer:  0.382876668060791
throttle:  0.751923311407033
brake:  0.0
velocity sent:  0.022130903737472365
steer:  0.38175652625216
throttle:  0.745849829374638
brake:  0.0
velocity sent:  0.022415094161213373
steer:  0.379642544645544
throttle:  0.747554050352384
brake:  0.0
velocity sent:  0.032557897908672015
steer:  0.378762424111205
throttle:  0.745446796799317
brake:  0.0
velocity sent:  0.005745048952664085
steer:  0.377192386218573
throttle:  0.755011032112501
brake:  0.0
velocity sent:  0.02162085472937766
steer:  0.376129180836218
throttle:  0.74953208498291
brake:  0.0
velocity sent:  0.013314178568235696
steer:  0.373293190991797
throttle:  0.75127648697675
brake:  0.0
velocity sent:  0.0298831360419931
steer:  0.371786931876688
throttle:  0.748258530114977
brake:  0.0
velocity sent:  0.018856925558687582
steer:  0.370894873533182
throttle:  0.751899550914372
brake:  0.0
velocity sent:  0.007610650829623021
steer:  0.369484582399232
throttle:  0.756953030312884
brake:  0.0
velocity sent:  0.0345980180381237
steer:  0.368452847383386
throttle:  0.750385981220774
brake:  0.0
velocity sent:  0.022561142501310204
steer:  0.366794758924297
throttle:  0.755659527378288
brake:  0.0
velocity sent:  0.03323262983750255
steer:  0.365960448654335
throttle:  0.752455564994743
brake:  0.0
velocity sent:  0.004564896048179453
steer:  0.363615325580238
throttle:  0.7584757890905
brake:  0.0
velocity sent:  0.022491378727432194
steer:  0.362311391263178
throttle:  0.755068992231084
brake:  0.0
velocity sent:  0.028839617483930484
steer:  0.361173674429658
throttle:  0.75516998070656
brake:  0.0
velocity sent:  0.030223198467237835
steer:  0.360007890493251
throttle:  0.756551023376616
brake:  0.0
velocity sent:  0.12965784107067757
steer:  0.359217262624485
throttle:  0.735780434908558
brake:  0.0
velocity sent:  0.42355509521789275
steer:  0.358056235010673
throttle:  0.652184267324979
brake:  0.0
velocity sent:  0.03262813056761607
steer:  0.357010893619199
throttle:  0.757790710233314
brake:  0.0
velocity sent:  0.0238591229238279
steer:  0.35472550011671
throttle:  0.75963220183851
brake:  0.0
velocity sent:  0.0655525246313875
steer:  0.353822946893207
throttle:  0.749314291849051
brake:  0.0
velocity sent:  0.07216157209551635
steer:  0.352784673370014
throttle:  0.751261864018189
brake:  0.0
velocity sent:  0.06669590089735564
steer:  0.351669292092636
throttle:  0.754605251423757
brake:  0.0
velocity sent:  0.06303733483117244
steer:  0.350646202009285
throttle:  0.754936296601803
brake:  0.0
velocity sent:  0.05799500818043202
steer:  0.349472472947562
throttle:  0.758162192414701
brake:  0.0
velocity sent:  0.06245711140363127
steer:  0.348733504876141
throttle:  0.756821833747157
brake:  0.0
velocity sent:  0.06044959459223123
steer:  0.347635156731222
throttle:  0.759167141610665
brake:  0.0
velocity sent:  0.06037385067951911
steer:  0.346591544219816
throttle:  0.759022446487422
brake:  0.0
velocity sent:  0.06102530194866596
steer:  0.344910034350749
throttle:  0.758885691788803
brake:  0.0
velocity sent:  0.06288999818250537
steer:  0.342112378208128
throttle:  0.760107617008174
brake:  0.0
velocity sent:  0.05771725640025425
steer:  0.341245694904368
throttle:  0.76134320676393
brake:  0.0
velocity sent:  0.0652905612720143
steer:  0.34095516550932
throttle:  0.760909976935956
brake:  0.0
velocity sent:  0.05978134953099984
steer:  0.341728371439141
throttle:  0.762672844932697
brake:  0.0
velocity sent:  0.06026805614952905
steer:  0.34625914581178
throttle:  0.764295685334671
brake:  0.0
velocity sent:  0.06048955498779633
steer:  0.347946833793747
throttle:  0.764288006972314
brake:  0.0
velocity sent:  0.06374449293894828
steer:  0.352070889409684
throttle:  0.763604570138375
brake:  0.0
velocity sent:  0.06455474187057492
steer:  0.360531257011913
throttle:  0.765131039107898
brake:  0.0
velocity sent:  0.061258997916489
steer:  0.363104788132158
throttle:  0.765888034394174
brake:  0.0
velocity sent:  0.06347625829546401
steer:  0.372203928424257
throttle:  0.767007470024632
brake:  0.0
velocity sent:  0.06076961263013089
steer:  0.374542006419295
throttle:  0.767753284591643
brake:  0.0
velocity sent:  0.05949492403158356
steer:  0.383135539845808
throttle:  0.769886864781172
brake:  0.0
velocity sent:  0.06532322990193495
steer:  0.385209403672647
throttle:  0.768561045596317
brake:  0.0
velocity sent:  0.06019667422121294
steer:  0.389012952804891
throttle:  0.769637572221368
brake:  0.0
velocity sent:  0.06252834141401352
steer:  0.397311012385765
throttle:  0.770724571230765
brake:  0.0
velocity sent:  0.0639315800726897
steer:  0.398572877968024
throttle:  0.770616424487867
brake:  0.0
velocity sent:  0.06492292970587206
steer:  0.406677300755084
throttle:  0.77209027674131
brake:  0.0
velocity sent:  0.06215417834179066
steer:  0.407873420365215
throttle:  0.772751022498422
brake:  0.0
velocity sent:  0.06495949399078822
steer:  0.416005957991196
throttle:  0.773699346858513
brake:  0.0
velocity sent:  0.06312182083304628
steer:  0.417146401326317
throttle:  0.774309683473559
brake:  0.0
velocity sent:  0.06614919037032423
steer:  0.421004465135474
throttle:  0.77367393587073
brake:  0.0
velocity sent:  0.06298639759002671
steer:  0.428540273369575
throttle:  0.776352405100629
brake:  0.0
velocity sent:  0.06658580430488537
steer:  0.430404678066177
throttle:  0.775343506268084
brake:  0.0
velocity sent:  0.06344182413361148
steer:  0.438190125521748
throttle:  0.778016183016309
brake:  0.0
velocity sent:  0.06575063112053106
steer:  0.448133043478395
throttle:  0.782502049023947
brake:  0.0
velocity sent:  0.06983704498459262
steer:  0.455402868167082
throttle:  0.783137874529027
brake:  0.0
velocity sent:  0.06721570332516107
steer:  0.45719619807711
throttle:  0.784015269386632
brake:  0.0
velocity sent:  0.06701161864176795
steer:  0.459496200994649
throttle:  0.784058127170145
brake:  0.0
velocity sent:  0.06477332581356453
steer:  0.466031554653028
throttle:  0.786467696606987
brake:  0.0
velocity sent:  0.07120878124779714
steer:  0.468797300770018
throttle:  0.784937137471641
brake:  0.0
velocity sent:  0.06747725908248554
steer:  0.48040986949799
throttle:  0.787777742157344
brake:  0.0
velocity sent:  0.022436940566714365
steer:  0.484860113038536
throttle:  0.796937618131043
brake:  0.0
velocity sent:  0.02343173184938777
steer:  0.502536875184904
throttle:  0.798435437127206
brake:  0.0
velocity sent:  0.024120955412970605
steer:  0.508430750484508
throttle:  0.798370314475882
brake:  0.0
velocity sent:  0.02436793255152142
steer:  0.529353298823956
throttle:  0.800084075369451
brake:  0.0
velocity sent:  0.028238178813980868
steer:  0.535057077959141
throttle:  0.799291100898905
brake:  0.0
velocity sent:  0.022320834469812114
steer:  0.546404876918564
throttle:  0.80053374321118
brake:  0.0
velocity sent:  0.02423865944304708
steer:  0.568337380491483
throttle:  0.801763606120768
brake:  0.0
velocity sent:  0.024213378693898332
steer:  0.573263434839839
throttle:  0.801922341075948
brake:  0.0
velocity sent:  0.025186790864554692
steer:  0.594517070212812
throttle:  0.80342523149559
brake:  0.0
velocity sent:  0.023933607361870477
steer:  0.599665721123659
throttle:  0.803766273004807
brake:  0.0
velocity sent:  0.02363122576331824
steer:  0.6
throttle:  0.805639625005536
brake:  0.0
velocity sent:  0.025444544048004183
steer:  0.6
throttle:  0.805234706779255
brake:  0.0
velocity sent:  0.025916235089020537
steer:  0.6
throttle:  0.806882438930706
brake:  0.0
velocity sent:  0.024506155214343857
steer:  0.6
throttle:  0.807216360129057
brake:  0.0
velocity sent:  0.02493976916072664
steer:  0.6
throttle:  0.807125251132415
brake:  0.0
velocity sent:  0.026430964397818803
steer:  0.6
throttle:  0.80847739315054
brake:  0.0
velocity sent:  0.025048093462732107
steer:  0.6
throttle:  0.808887091665875
brake:  0.0
velocity sent:  0.024918964245554957
steer:  0.6
throttle:  0.810709618091407
brake:  0.0
velocity sent:  0.02391391068303422
steer:  0.6
throttle:  0.810910329928676
brake:  0.0
velocity sent:  0.02530471874450251
steer:  0.6
throttle:  0.812292230002021
brake:  0.0
velocity sent:  0.023592251328417888
steer:  0.6
throttle:  0.812763112804317
brake:  0.0
velocity sent:  0.02798012235503341
steer:  0.6
throttle:  0.813275158494493
brake:  0.0
velocity sent:  0.02515619405875398
steer:  0.6
throttle:  0.814219213118841
brake:  0.0
velocity sent:  0.02496948594301849
steer:  0.6
throttle:  0.816058320768404
brake:  0.0
velocity sent:  0.025856421361699435
steer:  0.6
throttle:  0.815857127681222
brake:  0.0
velocity sent:  0.0244267401687347
steer:  0.6
throttle:  0.816157360731745
brake:  0.0
velocity sent:  0.026833854640904986
steer:  0.6
throttle:  0.817243919356372
brake:  0.0
velocity sent:  0.02440610997063858
steer:  0.6
throttle:  0.817946314894902
brake:  0.0
velocity sent:  0.02491385973855277
steer:  0.6
throttle:  0.819584271471294
brake:  0.0
velocity sent:  0.02619797046012947
steer:  0.6
throttle:  0.819355228201196
brake:  0.0
velocity sent:  0.024776656127445708
steer:  0.6
throttle:  0.821552116969698
brake:  0.0
velocity sent:  0.02659180083843986
steer:  0.6
throttle:  0.821057231433775
brake:  0.0
velocity sent:  0.025199556016341097
steer:  0.6
throttle:  0.821349602846415
brake:  0.0
velocity sent:  0.024457308899395246
steer:  0.6
throttle:  0.823349957450855
brake:  0.0
velocity sent:  0.025650047768618022
steer:  0.6
throttle:  0.823040102518962
brake:  0.0
velocity sent:  0.025878426844681487
steer:  0.6
throttle:  0.82475841404452
brake:  0.0
velocity sent:  0.026462482719739888
steer:  0.6
throttle:  0.824654032636843
brake:  0.0
velocity sent:  0.02409081681795058
steer:  0.6
throttle:  0.554081698806647
brake:  0.0
velocity sent:  0.0174675355922378
steer:  0.6
throttle:  0.408045637148009
brake:  0.0
velocity sent:  0.025027820050533563
steer:  0.6
throttle:  0.406457977411767
brake:  0.0
velocity sent:  0.007950677350270819
steer:  0.6
throttle:  0.412000455245623
brake:  0.0
velocity sent:  0.005673530687642222
steer:  0.6
throttle:  0.411112484628754
brake:  0.0
velocity sent:  0.0018052407070094927
steer:  0.6
throttle:  0.412832045091719
brake:  0.0
velocity sent:  0.01123256880278156
steer:  0.6
throttle:  0.410384745402642
brake:  0.0
velocity sent:  0.010215223410515003
steer:  0.6
throttle:  0.41135257418268
brake:  0.0
velocity sent:  0.025338827599133612
steer:  0.6
throttle:  0.407556062752677
brake:  0.0
velocity sent:  0.009637684156796823
steer:  0.6
throttle:  0.412063191210657
brake:  0.0
velocity sent:  0.006099822304234739
steer:  0.6
throttle:  0.412806142199696
brake:  0.0
velocity sent:  0.02297924864487804
steer:  0.6
throttle:  0.118202384839624
brake:  0.0
velocity sent:  0.011777337736593417
steer:  0.6
throttle:  0.201905140237615
brake:  0.0
velocity sent:  0.0033450790978449625
steer:  0.6
throttle:  0.203675914551753
brake:  0.0
velocity sent:  0.006504765095416453
steer:  0.6
throttle:  0.203012380492263
brake:  0.0
velocity sent:  0.006907610345820681
steer:  0.6
throttle:  0.202927782989678
brake:  0.0
velocity sent:  0.0
steer:  0.6
throttle:  0.876987101876404
brake:  0.0
velocity sent:  0.006429374814177467
steer:  0.6
throttle:  0.833720604241726
brake:  0.0
velocity sent:  0.031552051295703445
steer:  0.6
throttle:  0.828444842180605
brake:  0.0
velocity sent:  0.027438881545633887
steer:  0.6
throttle:  0.829308657896022
brake:  0.0
velocity sent:  0.026512373822349833
steer:  0.6
throttle:  0.833107973821318
brake:  0.0
velocity sent:  0.02333232796146528
steer:  0.6
throttle:  0.833738663538527
brake:  0.0
velocity sent:  0.02505474060083215
steer:  0.6
throttle:  0.835024578539629
brake:  0.0
velocity sent:  0.025008831470257828
steer:  0.6
throttle:  0.835172031541685
brake:  0.0
velocity sent:  0.02605832003670539
steer:  0.6
throttle:  0.834951689010633
brake:  0.0
velocity sent:  0.025991920958541175
steer:  0.6
throttle:  0.836755329671002
brake:  0.0
velocity sent:  0.02586555703378535
steer:  0.6
throttle:  0.836776554168947
brake:  0.0
velocity sent:  0.02444811887774372
steer:  0.6
throttle:  0.838972517131426
brake:  0.0
velocity sent:  0.025908815417193223
steer:  0.6
throttle:  0.838552375805658
brake:  0.0
velocity sent:  0.024649172578354927
steer:  0.6
throttle:  0.838816900801814
brake:  0.0
velocity sent:  0.025312094503619143
steer:  0.6
throttle:  0.840409665063363
brake:  0.0
velocity sent:  0.012935401209037514
steer:  0.6
throttle:  0.848757426817627
brake:  0.0
velocity sent:  0.030741875611176334
steer:  0.6
throttle:  0.845050400903439
brake:  0.0
velocity sent:  0.0189065640581526
steer:  0.6
throttle:  0.848960334281745
brake:  0.0
velocity sent:  0.021625872201707416
steer:  0.6
throttle:  0.849959575189236
brake:  0.0
velocity sent:  0.01731614704384083
steer:  0.6
throttle:  0.851082162123872
brake:  0.0
velocity sent:  0.0031108701698155435
steer:  0.6
throttle:  0.854065270267418
brake:  0.0
velocity sent:  0.02649926076487848
steer:  0.6
throttle:  0.849073753955569
brake:  0.0
velocity sent:  0.024849811271991158
steer:  0.6
throttle:  0.85129120959668
brake:  0.0
velocity sent:  0.024250310056046654
steer:  0.6
throttle:  0.853250334912906
brake:  0.0
velocity sent:  0.024531952886151908
steer:  0.6
throttle:  0.853143229821308
brake:  0.0
velocity sent:  0.025238036479670076
steer:  0.6
throttle:  0.854723534582378
brake:  0.0
velocity sent:  0.024158331264220435
steer:  0.6
throttle:  0.855006759365104
brake:  0.0
velocity sent:  0.022936543739320144
steer:  0.6
throttle:  0.855263334745333
brake:  0.0
velocity sent:  0.006815318555483424
steer:  0.6
throttle:  0.861729564489957
brake:  0.0
velocity sent:  0.024918076607097207
steer:  0.6
throttle:  0.856638287284411
brake:  0.0
velocity sent:  0.0031307867617797634
steer:  0.6
throttle:  0.864748186680543
brake:  0.0
velocity sent:  0.022570071587429196
steer:  0.6
throttle:  0.858922953679531
brake:  0.0
velocity sent:  0.005430779003645964
steer:  0.6
throttle:  0.865684948273651
brake:  0.0
velocity sent:  0.03003483047471188
steer:  0.6
throttle:  0.859146954058024
brake:  0.0
velocity sent:  0.025400869533888502
steer:  0.6
throttle:  0.862274172020861
brake:  0.0
velocity sent:  0.02740370276229268
steer:  0.6
throttle:  0.86148286016763
brake:  0.0
velocity sent:  0.02545748445670006
steer:  0.6
throttle:  0.861891566011804
brake:  0.0
velocity sent:  0.024858207514630717
steer:  0.6
throttle:  0.863850261617413
brake:  0.0
velocity sent:  0.02474183903136611
steer:  0.6
throttle:  0.667426382674443
brake:  0.0
velocity sent:  0.005962545684421899
steer:  0.6
throttle:  0.365002158795287
brake:  0.0
velocity sent:  0.006044384588984393
steer:  0.6
throttle:  0.44866343899792
brake:  0.0
velocity sent:  0.003292184960835875
steer:  0.6
throttle:  0.450058775919218
brake:  0.0
velocity sent:  0.0077317151176194325
steer:  0.6
throttle:  0.448906298616041
brake:  0.0
velocity sent:  0.006610326146553725
steer:  0.6
throttle:  0.449827198805271
brake:  0.0
velocity sent:  0.012168154962442904
steer:  0.6
throttle:  0.448720083786645
brake:  0.0
velocity sent:  0.024318358073050068
steer:  0.6
throttle:  0.446613167438689
brake:  0.0
velocity sent:  0.023096832091280294
steer:  0.6
throttle:  0.447553185416353
brake:  0.0
velocity sent:  0.02633570835096616
steer:  0.6
throttle:  0.446775299323277
brake:  0.0
velocity sent:  0.02466809704093065
steer:  0.6
throttle:  0.447125497698385
brake:  0.0
velocity sent:  0.005738019570172203
steer:  0.6
throttle:  0.241100813967244
brake:  0.0
velocity sent:  0.021918654947705556
steer:  0.6
throttle:  0.236400132705404
brake:  0.0
velocity sent:  0.0013716825068935332
steer:  0.6
throttle:  0.242009447748177
brake:  0.0
velocity sent:  0.0081188469820903
steer:  0.6
throttle:  0.240592543208386
brake:  0.0
velocity sent:  0.005771491171075484
steer:  0.6
throttle:  0.241085487928699
brake:  0.0
velocity sent:  0.006058109789763505
steer:  0.6
throttle:  0.893531366230058
brake:  0.0
velocity sent:  0.016945806397927546
steer:  0.6
throttle:  0.869409668930601
brake:  0.0
velocity sent:  0.030770926391528595
steer:  0.6
throttle:  0.866506393731944
brake:  0.0
velocity sent:  0.026847517929374405
steer:  0.6
throttle:  0.867330309508997
brake:  0.0
velocity sent:  0.02482658666605846
steer:  0.6
throttle:  0.871404537862069
brake:  0.0
velocity sent:  0.009954527887131517
steer:  0.6
throttle:  0.874446832955111
brake:  0.0
velocity sent:  0.03091683979081273
steer:  0.6
throttle:  0.870044747455338
brake:  0.0
velocity sent:  0.018170547284442333
steer:  0.6
throttle:  0.875526446066062
brake:  0.0
velocity sent:  0.0031648871062063435
steer:  0.6
throttle:  0.877657931302982
brake:  0.0
velocity sent:  0.008016286656977633
steer:  0.6
throttle:  0.87804767108113
brake:  0.0
velocity sent:  0.02982900850565999
steer:  0.6
throttle:  0.873855111456968
brake:  0.0
velocity sent:  0.025659430130896194
steer:  0.6
throttle:  0.876847642654059
brake:  0.0
velocity sent:  0.02452317485815336
steer:  0.6
throttle:  0.876752689991354
brake:  0.0
velocity sent:  0.024337016605608598
steer:  0.6
throttle:  0.876791783224388
brake:  0.0
velocity sent:  0.0232133270289585
steer:  0.6
throttle:  0.878903388098526
brake:  0.0
velocity sent:  0.008351223679517943
steer:  0.6
throttle:  0.881934534635777
brake:  0.0
velocity sent:  0.031848186948131206
steer:  0.6
throttle:  0.87690835546469
brake:  0.0
velocity sent:  0.003989850299656788
steer:  0.6
throttle:  0.884638363222359
brake:  0.0
velocity sent:  0.003174264586313427
steer:  0.6
throttle:  0.886672733844763
brake:  0.0
velocity sent:  0.012834258454017386
steer:  0.6
throttle:  0.884578888275478
brake:  0.0
velocity sent:  0.0027181804394880624
steer:  0.6
throttle:  0.886703264658529
brake:  0.0
velocity sent:  0.02603539295566287
steer:  0.6
throttle:  0.881732646956819
brake:  0.0
velocity sent:  0.024846979722203476
steer:  0.6
throttle:  0.88384759073714
brake:  0.0
velocity sent:  0.023772833072526204
steer:  0.6
throttle:  0.885944507321708
brake:  0.0
velocity sent:  0.023781201740057156
steer:  0.6
throttle:  0.885856818169552
brake:  0.0
velocity sent:  0.006299616474460503
steer:  0.6
throttle:  0.889527951075328
brake:  0.0
velocity sent:  0.02384376364966096
steer:  0.6
throttle:  0.886231105380482
brake:  0.0
velocity sent:  0.00713586336095148
steer:  0.6
throttle:  0.891143296215127
brake:  0.0
velocity sent:  0.0054006294143023725
steer:  0.6
throttle:  0.893442753111823
brake:  0.0
velocity sent:  0.004633620162787398
steer:  0.6
throttle:  0.893465006338909
brake:  0.0
velocity sent:  0.0282711683773308
steer:  0.6
throttle:  0.888400245920129
brake:  0.0
velocity sent:  0.02569492188350456
steer:  0.6
throttle:  0.890832261540996
brake:  0.0
velocity sent:  0.023786150306606108
steer:  0.6
throttle:  0.89317096097664
brake:  0.0
velocity sent:  0.009427370859290664
steer:  0.6
throttle:  0.896033602934424
brake:  0.0
velocity sent:  0.034163986547007516
steer:  0.6
throttle:  0.890646906977764
brake:  0.0
velocity sent:  0.007003804339932233
steer:  0.6
throttle:  0.898329474496268
brake:  0.0
velocity sent:  0.008633529761583736
steer:  0.6
throttle:  0.903329699212452
brake:  0.0
velocity sent:  0.017852704876729644
steer:  0.6
throttle:  0.902491651903246
brake:  0.0
velocity sent:  0.0034464573977231296
steer:  0.6
throttle:  0.906254497883049
brake:  0.0
velocity sent:  0.026312600144648236
steer:  0.6
throttle:  0.901414388769178
brake:  0.0
velocity sent:  0.02355326162985109
steer:  0.6
throttle:  0.707418884448159
brake:  0.0
velocity sent:  0.022054288013795175
steer:  0.6
throttle:  0.484137925736411
brake:  0.0
velocity sent:  0.022291432253043916
steer:  0.6
throttle:  0.484655850190949
brake:  0.0
velocity sent:  0.00028132741603922895
steer:  0.6
throttle:  0.48929694374586
brake:  0.0
velocity sent:  0.013213404089524984
steer:  0.6
throttle:  0.486142593091097
brake:  0.0
velocity sent:  0.0011099263163755963
steer:  0.6
throttle:  0.491282870780067
brake:  0.0
velocity sent:  0.0054882557614290535
steer:  0.6
throttle:  0.489395143374754
brake:  0.0
velocity sent:  0.019792126787250505
steer:  0.6
throttle:  0.485839436662502
brake:  0.0
velocity sent:  0.012098055479508795
steer:  0.6
throttle:  0.488599501319193
brake:  0.0
velocity sent:  0.018384024682006422
steer:  0.6
throttle:  0.48736742562642
brake:  0.0
velocity sent:  0.020450690883628053
steer:  0.6
throttle:  0.487436303260279
brake:  0.0
velocity sent:  0.018254673711359144
steer:  0.6
throttle:  0.277897466866456
brake:  0.0
velocity sent:  0.009423994731875218
steer:  0.6
throttle:  0.279751909452148
brake:  0.0
velocity sent:  0.002709912436227436
steer:  0.6
throttle:  0.281695353145735
brake:  0.0
velocity sent:  0.008274108062042852
steer:  0.6
throttle:  0.279989745480662
brake:  0.0
velocity sent:  0.022456517156081757
steer:  0.6
throttle:  0.277011439570914
brake:  0.0
velocity sent:  0.0035424242848540667
steer:  0.6
throttle:  0.280983399073872
brake:  0.0
velocity sent:  0.007823686914316832
steer:  0.6
throttle:  0.752123673788483
brake:  0.0
velocity sent:  0.027841445800129032
steer:  0.6
throttle:  0.905880604555664
brake:  0.0
velocity sent:  0.027276645046132832
steer:  0.6
throttle:  0.907827861347069
brake:  0.0
velocity sent:  0.024817852932155923
steer:  0.6
throttle:  0.908299023630684
brake:  0.0
velocity sent:  0.0079365926139455
steer:  0.6
throttle:  0.914984762789302
brake:  0.0
velocity sent:  0.026347210765500405
steer:  0.6
throttle:  0.91008489755888
brake:  0.0
velocity sent:  0.01745217388433609
steer:  0.6
throttle:  0.913425704756049
brake:  0.0
velocity sent:  0.0
steer:  0.6
throttle:  0.917090661271759
brake:  0.0
velocity sent:  0.006288326534930167
steer:  0.6
throttle:  0.917065160078669
brake:  0.0
velocity sent: Error: No spirals generated 
Error: No spirals generated 
Error: No spirals generated 
Error: No spirals generated 
Error: No spirals generated 
Error: No spirals generated 
Error: No spirals generated 
Error: No spirals generated 
 0.029137673237776978
steer:  0.6
throttle:  0.912769863393866
brake:  0.0
velocity sent:  0.02338323674914808
steer:  0.6
throttle:  0.916222893702572
brake:  0.0
velocity sent:  0.0008371807491073781
steer:  0.6
throttle:  0.92049721054349
brake:  0.0
velocity sent:  0.0032899939224869603
steer:  0.6
throttle:  0.921584656570809
brake:  0.0
velocity sent:  0.0019062266591721255
steer:  0.6
throttle:  0.922071472749975
brake:  0.0
velocity sent:  0.0022136290376712107
steer:  0.6
throttle:  0.92200691825049
brake:  0.0
velocity sent:  0.001005021742834292
steer:  0.6
throttle:  0.924156448770759
brake:  0.0
velocity sent:  0.0011082488766983635
steer:  0.6
throttle:  0.924038082489061
brake:  0.0
velocity sent:  0.003587063943006191
steer:  0.6
throttle:  0.925117817525986
brake:  0.0
velocity sent:  0.004203985197442347
steer:  0.6
throttle:  0.925186569267858
brake:  0.0
velocity sent:  0.0007869916009717736
steer:  0.6
throttle:  0.927976000117795
brake:  0.0
velocity sent:  0.0002214688960684374
steer:  0.6
throttle:  0.927821400398107
brake:  0.0
velocity sent:  0.0118670374694638
steer:  0.6
throttle:  0.925375830997694
brake:  0.0
velocity sent:  0.0053956888949455864
steer:  0.6
throttle:  0.929047343266395
brake:  0.0
velocity sent:  0.00163147115477846
steer:  0.6
throttle:  0.929320121105869
brake:  0.0
velocity sent:  0.0
steer:  0.6
throttle:  0.931592758299408
brake:  0.0
velocity sent:  0.0005146796349128054
steer:  0.6
throttle:  0.931354157883694
brake:  0.0
velocity sent:  0.0007126070719727694
steer:  0.6
throttle:  0.931312593121912
brake:  0.0
velocity sent:  0.0024991428856345407
steer:  0.6
throttle:  0.932593534210963
brake:  0.0
velocity sent:  0.00035992346812745596
steer:  0.6
throttle:  0.933185693153732
brake:  0.0
velocity sent:  0.0002559367371483123
steer:  0.6
throttle:  0.935015664547654
brake:  0.0
velocity sent:  0.01087258943845826
steer:  0.6
throttle:  0.932777848541901
brake:  0.0
velocity sent:  0.005022649792921976
steer:  0.6
throttle:  0.936269562467337
brake:  0.0
velocity sent:  0.00041526578958478997
steer:  0.6
throttle:  0.936769117936395
brake:  0.0
velocity sent:  0.0005555231081615871
steer:  0.6
throttle:  0.936739663899494
brake:  0.0
velocity sent:  0.003051450879740119
steer:  0.6
throttle:  0.93781476275354
brake:  0.0
velocity sent:  0.0006585683781603403
steer:  0.6
throttle:  0.938516942300598
brake:  0.0
velocity sent:  0.002182945892649128
steer:  0.6
throttle:  0.939874020367115
brake:  0.0
velocity sent:  0.00031302178738557614
steer:  0.6
throttle:  0.940388654630379
brake:  0.0
velocity sent:  0.0002583597202325602
steer:  0.6
throttle:  0.940400133664481
brake:  0.0
velocity sent:  0.006750298559105615
steer:  0.6
throttle:  0.940315299590811
brake:  0.0
velocity sent:  0.00441946232094414
steer:  0.6
throttle:  0.941324199449322
brake:  0.0
velocity sent:  0.0008230906482782989
steer:  0.6
throttle:  0.944165574468505
brake:  0.0
velocity sent:  0.0008484784338841649
steer:  0.6
throttle:  0.943872583367616
brake:  0.0
velocity sent:  0.005432222270247815
steer:  0.6
throttle:  0.94434141358791
brake:  0.0
velocity sent:  0.0038637132105918135
steer:  0.6
throttle:  0.945037449929446
brake:  0.0
velocity sent:  0.0006762068479532113
steer:  0.6
throttle:  0.94776039558568
brake:  0.0
velocity sent:  7.513137785575402e-05
steer:  0.6
throttle:  0.947631639998875
brake:  0.0
velocity sent:  0.00364680321432023
steer:  0.6
throttle:  0.948394807655785
brake:  0.0
velocity sent:  0.0024059802414051474
steer:  0.6
throttle:  0.948941095153529
brake:  0.0
velocity sent:  0.0008616728502660207
steer:  0.6
throttle:  0.951187964001031
brake:  0.0
velocity sent:  0.005078628303105056
steer:  0.6
throttle:  0.950178808696742
brake:  0.0
velocity sent:  0.004412217455565938
steer:  0.6
throttle:  0.952169289658664
brake:  0.0
velocity sent:  0.00041471223880578225
steer:  0.6
throttle:  0.952955433812894
brake:  0.0
velocity sent:  0.00013288310486420156
steer:  0.6
throttle:  0.954836999983134
brake:  0.0
velocity sent:  0.005484497868958306
steer:  0.6
throttle:  0.960776841399508
brake:  0.0
velocity sent:  0.0
steer:  0.6
throttle:  0.962035618247271
brake:  0.0
velocity sent:  0.0004876592536917786
steer:  0.6
throttle:  0.963694119978838
brake:  0.0
velocity sent:  0.00228832355042281
steer:  0.6
throttle:  0.963354924075432
brake:  0.0
velocity sent:  0.00047606275807242864
steer:  0.6
throttle:  0.965679719602235
brake:  0.0
velocity sent:  0.004350288364203611
steer:  0.6
throttle:  0.966209746477296
brake:  0.0
velocity sent:  0.0037286122986438953
steer:  0.6
throttle:  0.966650186431653
brake:  0.0
velocity sent:  0.0015637275074800474
steer:  0.6
throttle:  0.969076346106235
brake:  0.0
velocity sent:  0.0017976995399454257
steer:  0.6
throttle:  0.970634313935848
brake:  0.0
velocity sent:  0.001305794249991984
steer:  0.6
throttle:  0.970756331809335
brake:  0.0
velocity sent:  0.001305794249991984
steer:  0.6
throttle:  0.970756331809335
brake:  0.0
velocity sent:  0.001305794249991984
steer:  0.6
throttle:  0.970756331809335
brake:  0.0
velocity sent:  0.0006640915943720201
steer:  0.6
throttle:  0.970891089367016
brake:  0.0
velocity sent:  0.0006640915943720201
steer:  0.6
throttle:  0.970891089367016
brake:  0.0
velocity sent:  0.028130453176982095
steer:  0.6
throttle:  0.965123253570471
brake:  0.0
velocity sent:  0.000902102621287216
steer:  0.6
throttle:  0.974810765607934
brake:  0.0
velocity sent:  2.867250845310286e-05
steer:  0.6
throttle:  0.972815917887174
brake:  0.0
velocity sent:  0.0041116077072557355
steer:  0.6
throttle:  0.973430624738507
brake:  0.0
velocity sent:  0.00044687674525080033
steer:  0.6
throttle:  0.976618664131108
brake:  0.0
velocity sent:  0.004803062977720972
steer:  0.6
throttle:  0.975410686545329
brake:  0.0
velocity sent:  0.0014466505921010477
steer:  0.6
throttle:  0.978182032940312
brake:  0.0
velocity sent:  0.00026006056432640006
steer:  0.6
throttle:  0.980057157048092
brake:  0.0
velocity sent:  0.009643279187277098
steer:  0.6
throttle:  0.977991854070853
brake:  0.0
velocity sent:  0.002372276347682118
steer:  0.6
throttle:  0.981896840370726
brake:  0.0
velocity sent:  0.0018567912301102794
steer:  0.6
throttle:  0.983263313037519
brake:  0.0
velocity sent:  0.0077891559851808526
steer:  0.6
throttle:  0.981976296703035
brake:  0.0
velocity sent:  0.0043727040793062385
steer:  0.6
throttle:  0.984763419197719
brake:  0.0
velocity sent:  0.0009303021709146184
steer:  0.6
throttle:  0.98521295737811
brake:  0.0
velocity sent:  0.0002806374446721416
steer:  0.6
throttle:  0.682607512229179
brake:  0.0
velocity sent:  0.010801165888112531
steer:  0.6
throttle:  0.564624991557624
brake:  0.0
velocity sent:  0.005408022388277438
steer:  0.6
throttle:  0.56575755169259
brake:  0.0
velocity sent:  0.0008918611590998571
steer:  0.6
throttle:  0.567665348483987
brake:  0.0
velocity sent:  5.2269634612062286e-05
steer:  0.6
throttle:  0.567480369805795
brake:  0.0
velocity sent:  0.00021043071527144044
steer:  0.6
throttle:  0.568034424282299
brake:  0.0
velocity sent:  0.0033216553099228796
steer:  0.6
throttle:  0.567743762410495
brake:  0.0
velocity sent:  0.0005793073905465604
steer:  0.6
throttle:  0.569386770985876
brake:  0.0
velocity sent:  0.005146917392003993
steer:  0.6
throttle:  0.56820818505202
brake:  0.0
velocity sent:  0.0006849174757128647
steer:  0.6
throttle:  0.570100415477284
brake:  0.0
velocity sent:  0.003549497917562649
steer:  0.6
throttle:  0.569141893591192
brake:  0.0
velocity sent:  0.00088600740630903
steer:  0.6
throttle:  0.569701226598556
brake:  0.0
velocity sent:  0.0008409512756285923
steer:  0.6
throttle:  0.570313774788848
brake:  0.0
velocity sent:  0.0010073608759228723
steer:  0.6
throttle:  0.570275224282332
brake:  0.0
velocity sent:  0.0010073608759228723Error: No spirals generated 
Error: No spirals generated 
Error: No spirals generated 
Error: No spirals generated 
Error: No spirals generated 
Error: No spirals generated 
Error: No spirals generated 
Error: No spirals generated 
Error: No spirals generated 
Error: No spirals generated 
Error: No spirals generated 
Error: No spirals generated 
Error: No spirals generated 
Error: No spirals generated 
Error: No spirals generated 
Error: No spirals generated 
Error: No spirals generated 
Error: No spirals generated 
Error: No spirals generated 
Error: No spirals generated 
Error: No spirals generated 
Error: No spirals generated 
Error: No spirals generated 
Error: No spirals generated 
Error: No spirals generated 
Error: No spirals generated 
Error: No spirals generated 
Error: No spirals generated 
Error: No spirals generated 
Error: No spirals generated 
Error: No spirals generated 
Error: No spirals generated 
Error: No spirals generated 
Error: No spirals generated 
Error: No spirals generated 
Error: No spirals generated 
Error: No spirals generated 
Error: No spirals generated 
Error: No spirals generated 
Error: No spirals generated 
Error: No spirals generated 
Error: No spirals generated 
Error: No spirals generated 
Error: No spirals generated 
Error: No spirals generated 
Error: No spirals generated 
Error: No spirals generated 
Error: No spirals generated 
Error: No spirals generated 
Error: No spirals generated 
Error: No spirals generated 
Error: No spirals generated 
Error: No spirals generated 
Error: No spirals generated 
Error: No spirals generated 
Error: No spirals generated 
Error: No spirals generated 
Error: No spirals generated 
Error: No spirals generated 
Error: No spirals generated 
Error: No spirals generated 

steer:  0.6
throttle:  0.570275224282332
brake:  0.0
velocity sent:  0.0010073608759228723
steer:  0.6
throttle:  0.570275224282332
brake:  0.0
velocity sent:  0.0009064029711145279
steer:  0.6
throttle:  0.570296425442342
brake:  0.0
velocity sent:  0.0009064029711145279
steer:  0.6
throttle:  0.570296425442342
brake:  0.0
velocity sent:  0.005869848267158286
steer:  0.6
throttle:  0.569254101930173
brake:  0.0
velocity sent:  0.0011006794697707475
steer:  0.6
throttle:  0.570255627377624
brake:  0.0
velocity sent:  0.0012766180492297231
steer:  0.6
throttle:  0.570218680275938
brake:  0.0
velocity sent:  0.0012766180492297231
steer:  0.6
throttle:  0.570218680275938
brake:  0.0
velocity sent:  0.00021246340360917646
steer:  0.6
throttle:  0.570442152751518
brake:  0.0
velocity sent:  0.0024413488979004006
steer:  0.6
throttle:  0.569974086797717
brake:  0.0
velocity sent:  0.0024413488979004006
steer:  0.6
throttle:  0.569974086797717
brake:  0.0
velocity sent:  0.0014033571561876583
steer:  0.6
throttle:  0.570192065063477
brake:  0.0
velocity sent:  0.0012010966011992174
steer:  0.6
throttle:  0.570234539780024
brake:  0.0
velocity sent:  0.0012010966011992174
steer:  0.6
throttle:  0.570234539780024
brake:  0.0
velocity sent:  0.0013317356868459244
steer:  0.6
throttle:  0.5707958945955
brake:  0.0
velocity sent:  0.0013317356868459244
steer:  0.6
throttle:  0.570806345722352
brake:  0.0
velocity sent:  0.0010298888913069957
steer:  0.6
throttle:  0.570869733549415
brake:  0.0
velocity sent:  0.0010298888913069957
steer:  0.6
throttle:  0.570869733549415
brake:  0.0
velocity sent:  0.0007268187762885282
steer:  0.6
throttle:  0.570933378273569
brake:  0.0
velocity sent:  0.0007268187762885282
steer:  0.6
throttle:  0.570933378273569
brake:  0.0
velocity sent:  0.0007268187762885282
steer:  0.6
throttle:  0.570933378273569
brake:  0.0
velocity sent:  0.002790038336329857
steer:  0.6
throttle:  0.57050010216596
brake:  0.0
velocity sent:  0.002790038336329857
steer:  0.6
throttle:  0.57050010216596
brake:  0.0
velocity sent:  0.001927396586575788
steer:  0.6
throttle:  0.570681256933409
brake:  0.0
velocity sent:  0.001927396586575788
steer:  0.6
throttle:  0.570681256933409
brake:  0.0
velocity sent:  0.001927396586575788
steer:  0.6
throttle:  0.570681256933409
brake:  0.0
velocity sent:  0.002240323610301875
steer:  0.6
throttle:  0.570615542258426
brake:  0.0
velocity sent:  0.002240323610301875
steer:  0.6
throttle:  0.570615542258426
brake:  0.0
velocity sent:  0.00021817996732872131
steer:  0.6
throttle:  0.571040192423451
brake:  0.0
velocity sent:  0.00021817996732872131
steer:  0.6
throttle:  0.571040192423451
brake:  0.0
velocity sent:  0.00021817996732872131
steer:  0.6
throttle:  0.571040192423451
brake:  0.0
velocity sent:  0.00088981617569486
steer:  0.6
throttle:  0.570899148819694
brake:  0.0
velocity sent:  0.00088981617569486
steer:  0.6
throttle:  0.570899148819694
brake:  0.0
velocity sent:  0.0014614348038744901
steer:  0.6
throttle:  0.571332674042228
brake:  0.0
velocity sent:  0.0008490018364917327
steer:  0.6
throttle:  0.572155315962031
brake:  0.0
velocity sent:  0.00026680059403844504
steer:  0.6
throttle:  0.572228583585556
brake:  0.0
velocity sent:  0.0017286435698025322
steer:  0.493935890929406
throttle:  0.558754883123278
brake:  0.0
velocity sent:  0.0021809274375357065
steer:  0.6
throttle:  0.287086342610358
brake:  0.0
velocity sent:  0.00247425320620931
steer:  0.588821303040432
throttle:  0.362045036075073
brake:  0.0
velocity sent:  0.0011146321316422522
steer:  0.487237517780821
throttle:  0.362330556500732
brake:  0.0
velocity sent:  0.0011146321316422522
steer:  0.487237517780821
throttle:  0.362330556500732
brake:  0.0
velocity sent:  0.0003403048939498766
steer:  0.487237556779558
throttle:  0.362493165220647
brake:  0.0
velocity sent:  0.0003403048939498766
steer:  0.393609134839551
throttle:  0.362493165220647
brake:  0.0
velocity sent:  0.005268856903776252
steer:  0.393609025715162
throttle:  0.361458169298584
brake:  0.0
velocity sent:  0.005268856903776252
steer:  0.393609025715162
throttle:  0.361458169298584
brake:  0.0
velocity sent:  0.005268856903776252
steer:  0.393609025715162
throttle:  0.361458169298584
brake:  0.0
velocity sent:  0.0016117358339562775
steer:  0.393608777941637
throttle:  0.362226164723246
brake:  0.0
velocity sent:  0.0016117358339562775
steer:  0.393609546949484
throttle:  0.362226164723246
brake:  0.0
velocity sent:  0.0016117358339562775
steer:  0.393609546949484
throttle:  0.362226164723246
brake:  0.0
velocity sent:  0.006710234054626652
steer:  0.393609294493335
throttle:  0.361155480096905
brake:  0.0
velocity sent:  0.006710234054626652
steer:  0.393609294493335
throttle:  0.361155480096905
brake:  0.0
velocity sent:  0.0015948084221918245
steer:  0.393608952159422
throttle:  0.362229719479716
brake:  0.0
velocity sent:  0.0015948084221918245
steer:  0.393608952159422
throttle:  0.362229719479716
brake:  0.0
velocity sent:  0.0015948084221918245
steer:  0.393614665961304
throttle:  0.362229719479716
brake:  0.0
velocity sent:  0.005152292823391535
steer:  0.393614457956224
throttle:  0.361482647755465
brake:  0.0
velocity sent:  0.005152292823391535
steer:  0.393614457956224
throttle:  0.361482647755465
brake:  0.0
velocity sent:  0.001955678590888248
steer:  0.39361420605238
throttle:  0.36215393674429
brake:  0.0
velocity sent:  0.001955678590888248
steer:  0.39361420605238
throttle:  0.36215393674429
brake:  0.0
velocity sent:  0.00019776280385708155
steer:  0.393621650782984
throttle:  0.362523099059567
brake:  0.0
velocity sent:  0.00019776280385708155
steer:  0.393621650782984
throttle:  0.362523099059567
brake:  0.0
velocity sent:  0.00019776280385708155
steer:  0.393621702453218
throttle:  0.362523099059567
brake:  0.0
velocity sent:  0.0015504417923040187
steer:  0.393621804264562
throttle:  0.362239036471993
brake:  0.0
velocity sent:  0.0015504417923040187
steer:  0.393622204925711
throttle:  0.362239036471993
brake:  0.0
velocity sent:  0.0015504417923040187
steer:  0.393622204925711
throttle:  0.362239036471993
brake:  0.0
velocity sent:  0.0019494944033047817
steer:  0.39362238204161
throttle:  0.362155235423683
brake:  0.0
velocity sent:  0.0019494944033047817
steer:  0.393623292872967
throttle:  0.362155235423683
brake:  0.0
velocity sent:  0.0009833720265878649
steer:  0.393623456913948
throttle:  0.362358121122793
brake:  0.0
velocity sent:  0.0009833720265878649
steer:  0.393625131058583
throttle:  0.362358121122793
brake:  0.0
velocity sent:  0.0009833720265878649
steer:  0.393625131058583
throttle:  0.362358121122793
brake:  0.0
velocity sent:  0.00399305469723565
steer:  0.393625173871119
throttle:  0.361726087761957
brake:  0.0
velocity sent:  0.00399305469723565
steer:  0.395797068431774
throttle:  0.361726087761957
brake:  0.0
velocity sent:  0.0012139624131815878
steer:  0.395796562880238
throttle:  0.362309697141609
brake:  0.0
velocity sent:  0.0012139624131815878
steer:  0.395796562880238
throttle:  0.362309697141609
brake:  0.0
velocity sent:  0.004607739144058154
steer:  0.394099669069055
throttle:  0.361323755379187
brake:  0.0
velocity sent:  0.001225478824165189
steer:  0.394098818824764
throttle:  0.362305532184835
brake:  0.0
velocity sent:  0.0019058492369623636
steer:  0.394099308591818
throttle:  0.362162654398147
brake:  0.0
velocity sent:  0.0010639880799551101
steer:  0.394098767829109
throttle:  0.362339445241119
brake:  0.0
velocity sent:  0.00144680253811213
steer:  0.39409918087669
throttle:  0.362259054204906
brake:  0.0
velocity sent:  0.0036744781620403765
steer:  0.392400837188824
throttle:  0.361611491889757
brake:  0.0
velocity sent:  0.0025767047486125725
steer:  0.392401241842693
throttle:  0.362020238356491
brake:  0.0
velocity sent:  0.0015461571556592986
steer:  0.392401453228329Error: No spirals generated 
Error: No spirals generated 
Error: No spirals generated 
Error: No spirals generated 
Error: No spirals generated 
Error: No spirals generated 
Error: No spirals generated 
Error: No spirals generated 
Error: No spirals generated 
Error: No spirals generated 
Error: No spirals generated 
Error: No spirals generated 
Error: No spirals generated 
Error: No spirals generated 
Error: No spirals generated 
Error: No spirals generated 
Error: No spirals generated 
Error: No spirals generated 
Error: No spirals generated 
Error: No spirals generated 
Error: No spirals generated 
Error: No spirals generated 
Error: No spirals generated 
Error: No spirals generated 
Error: No spirals generated 
Error: No spirals generated 
Error: No spirals generated 
Error: No spirals generated 
Error: No spirals generated 
Error: No spirals generated 
Error: No spirals generated 
Error: No spirals generated 
Error: No spirals generated 
Error: No spirals generated 
Error: No spirals generated 
Error: No spirals generated 
Error: No spirals generated 
Error: No spirals generated 
Error: No spirals generated 
Error: No spirals generated 
Error: No spirals generated 
Error: No spirals generated 
Error: No spirals generated 
Error: No spirals generated 
Error: No spirals generated 
Error: No spirals generated 
Error: No spirals generated 
Error: No spirals generated 
Error: No spirals generated 
Error: No spirals generated 
Error: No spirals generated 
Error: No spirals generated 
Error: No spirals generated 
Error: No spirals generated 
Error: No spirals generated 
Error: No spirals generated 
Error: No spirals generated 
Error: No spirals generated 
Error: No spirals generated 
Error: No spirals generated 
Error: No spirals generated 
Error: No spirals generated 
Error: No spirals generated 
Error: No spirals generated 
Error: No spirals generated 
Error: No spirals generated 
Error: No spirals generated 
Error: No spirals generated 
Error: No spirals generated 
Error: No spirals generated 
Error: No spirals generated 
Error: No spirals generated 
Error: No spirals generated 
Error: No spirals generated 
Error: No spirals generated 

throttle:  0.362236653351011
brake:  0.0
velocity sent:  0.0015461571556592986
steer:  0.392401453228329
throttle:  0.362236653351011
brake:  0.0
velocity sent:  0.0015461571556592986
steer:  0.392401453228329
throttle:  0.362236653351011
brake:  0.0
velocity sent:  0.0003137549924126668
steer:  0.392401469680675
throttle:  0.362495457805293
brake:  0.0
velocity sent:  0.0003137549924126668
steer:  0.392401469680675
throttle:  0.362495457805293
brake:  0.0
velocity sent:  0.005657958394368218
steer:  0.392401457695452
throttle:  0.361373175090882
brake:  0.0
velocity sent:  0.005657958394368218
steer:  0.392401457695452
throttle:  0.361373175090882
brake:  0.0
velocity sent:  0.005657958394368218
steer:  0.392401457695452
throttle:  0.361373175090882
brake:  0.0
velocity sent:  0.0037187097463941914
steer:  0.392401233927915
throttle:  0.361780417306957
brake:  0.0
velocity sent:  0.0037187097463941914
steer:  0.392401233927915
throttle:  0.361780417306957
brake:  0.0
velocity sent:  0.0030116564136797655
steer:  0.392401112941175
throttle:  0.361928898506827
brake:  0.0
velocity sent:  0.0030116564136797655
steer:  0.392401112941175
throttle:  0.361928898506827
brake:  0.0
velocity sent:  0.0030116564136797655
steer:  0.392401112941175
throttle:  0.361928898506827
brake:  0.0
velocity sent:  0.0030116564136797655
steer:  0.392401112941175
throttle:  0.361928898506827
brake:  0.0
velocity sent:  0.0021003108681113074
steer:  0.392400958486163
throttle:  0.362120281071396
brake:  0.0
velocity sent:  0.0021003108681113074
steer:  0.392400958486163
throttle:  0.362120281071396
brake:  0.0
velocity sent:  0.004747076055154117
steer:  0.392400845640262
throttle:  0.361564460382117
brake:  0.0
velocity sent:  0.004747076055154117
steer:  0.392400845640262
throttle:  0.361564460382117
brake:  0.0
velocity sent:  0.004747076055154117
steer:  0.392400845640262
throttle:  0.361564460382117
brake:  0.0
velocity sent:  0.0007310513815977711
steer:  0.392400787749222
throttle:  0.362407825563564
brake:  0.0
velocity sent:  0.0007310513815977711
steer:  0.392400787749222
throttle:  0.362407825563564
brake:  0.0
velocity sent:  0.002183839656378582
steer:  0.392400959616846
throttle:  0.36210274002586
brake:  0.0
velocity sent:  0.002183839656378582
steer:  0.392400959616846
throttle:  0.36210274002586
brake:  0.0
velocity sent:  0.002183839656378582
steer:  0.392400959616846
throttle:  0.36210274002586
brake:  0.0
velocity sent:  0.0024259864613127504
steer:  0.392401211766536
throttle:  0.362051889196824
brake:  0.0
velocity sent:  0.0024259864613127504
steer:  0.392401211766536
throttle:  0.362051889196824
brake:  0.0
velocity sent:  0.0016103076168089636
steer:  0.392401437795455
throttle:  0.36222318175417
brake:  0.0
velocity sent:  0.0016103076168089636
steer:  0.392401437795455
throttle:  0.36222318175417
brake:  0.0
velocity sent:  0.0016103076168089636
steer:  0.392401437795455
throttle:  0.36222318175417
brake:  0.0
velocity sent:  0.0016747684480719854
steer:  0.39240145226818
throttle:  0.362209644979604
brake:  0.0
velocity sent:  0.0016747684480719854
steer:  0.39240145226818
throttle:  0.362209644979604
brake:  0.0
velocity sent:  0.004437216411025252
steer:  0.392401448423863
throttle:  0.361629530907384
brake:  0.0
velocity sent:  0.004437216411025252
steer:  0.392401448423863
throttle:  0.361629530907384
brake:  0.0
velocity sent:  0.004437216411025252
steer:  0.392401448423863
throttle:  0.361629530907384
brake:  0.0
velocity sent:  0.0016010363096686565
steer:  0.392401254958609
throttle:  0.362225128728669
brake:  0.0
velocity sent:  0.0016010363096686565
steer:  0.392401254958609
throttle:  0.362225128728669
brake:  0.0
velocity sent:  0.0026863705069783157
steer:  0.392401173097185
throttle:  0.361997208547234
brake:  0.0
velocity sent:  0.0026863705069783157
steer:  0.392401173097185
throttle:  0.361997208547234
brake:  0.0
velocity sent:  0.0026863705069783157
steer:  0.392401173097185
throttle:  0.361997208547234
brake:  0.0
velocity sent:  0.0017371361521425785
steer:  0.392401008577275
throttle:  0.362196547761749
brake:  0.0
velocity sent:  0.0017371361521425785
steer:  0.392401008577275
throttle:  0.362196547761749
brake:  0.0
velocity sent:  0.0012271397314983425
steer:  0.392400894092803
throttle:  0.362303647010085
brake:  0.0
velocity sent:  0.0012271397314983425
steer:  0.392400894092803
throttle:  0.362303647010085
brake:  0.0
velocity sent:  0.0012271397314983425
steer:  0.392400894092803
throttle:  0.362303647010085
brake:  0.0
velocity sent:  0.000712973509810408
steer:  0.392400839026667
throttle:  0.362411621916639
brake:  0.0
velocity sent:  0.000712973509810408
steer:  0.392400839026667
throttle:  0.362411621916639
brake:  0.0
velocity sent:  0.0019157381967672804
steer:  0.392400994386282
throttle:  0.362159041332378
brake:  0.0
velocity sent:  0.0019157381967672804
steer:  0.392400994386282
throttle:  0.362159041332378
brake:  0.0
velocity sent:  0.0019157381967672804
steer:  0.392400994386282
throttle:  0.362159041332378
brake:  0.0
velocity sent:  0.0021765033953715404
steer:  0.392401229631322
throttle:  0.362104280640671
brake:  0.0
velocity sent:  0.0021765033953715404
steer:  0.390703484389064
throttle:  0.362102974738634
brake:  0.0
velocity sent:  0.0009820638746558337
steer:  0.390703668130473
throttle:  0.362353807037984
brake:  0.0
velocity sent:  0.0009820638746558337
steer:  0.390703668130473
throttle:  0.362353807037984
brake:  0.0
velocity sent:  0.0009820638746558337
steer:  0.390703668130473
throttle:  0.362353807037984
brake:  0.0
velocity sent:  0.0027514014509440465
steer:  0.390703676779259
throttle:  0.361982246146964
brake:  0.0
velocity sent:  0.0027514014509440465
steer:  0.390703676779259
throttle:  0.361982246146964
brake:  0.0
velocity sent:  0.002267120787546751
steer:  0.390703612667742
throttle:  0.362083945086277
brake:  0.0
velocity sent:  0.002267120787546751
steer:  0.390703612667742
throttle:  0.362083945086277
brake:  0.0
velocity sent:  0.002267120787546751
steer:  0.390703612667742
throttle:  0.362083945086277
brake:  0.0
velocity sent:  0.004365682757798528
steer:  0.390703513957335
throttle:  0.361643247072524
brake:  0.0
velocity sent:  0.004365682757798528
steer:  0.390703513957335
throttle:  0.361643247072524
brake:  0.0
velocity sent:  0.0006362356266219696
steer:  0.390703486424293
throttle:  0.362426430970072
brake:  0.0
velocity sent:  0.0006362356266219696
steer:  0.390703486424293
throttle:  0.362426430970072
brake:  0.0
velocity sent:  0.0009478148047069765
steer:  0.390703417111601
throttle:  0.362360999342674
brake:  0.0
velocity sent:  0.0009478148047069765
steer:  0.390703417111601
throttle:  0.362360999342674
brake:  0.0
velocity sent:  0.0009478148047069765
steer:  0.390703417111601
throttle:  0.362360999342674
brake:  0.0
velocity sent:  0.0009839166525831184
steer:  0.390703311502131
throttle:  0.36235341795462
brake:  0.0
velocity sent:  0.0009839166525831184
steer:  0.390703311502131
throttle:  0.36235341795462
brake:  0.0
velocity sent:  0.0008477268674917199
steer:  0.390703330497609
throttle:  0.362382017809489
brake:  0.0
velocity sent:  0.0008477268674917199
steer:  0.390703330497609
throttle:  0.362382017809489
brake:  0.0
velocity sent:  0.0008477268674917199
steer:  0.390703330497609
throttle:  0.362382017809489
brake:  0.0
velocity sent:  0.0018344069060229381
steer:  0.390703498861801
throttle:  0.362174815001397
brake:  0.0
velocity sent:  0.0018344069060229381
steer:  0.390703498861801
throttle:  0.362174815001397
brake:  0.0
velocity sent:  0.0018344069060229381
steer:  0.390703498861801
throttle:  0.362174815001397
brake:  0.0
velocity sent:  0.0019455807211872585
steer:  0.390703619733577
throttle:  0.362151468500213
brake:  0.0
velocity sent:  0.0019455807211872585
steer:  0.390703619733577
throttle:  0.362151468500213
brake:  0.0
velocity sent: Error: No spirals generated 
Error: No spirals generated 
Error: No spirals generated 
Error: No spirals generated 
Error: No spirals generated 
Error: No spirals generated 
Error: No spirals generated 
Error: No spirals generated 
Error: No spirals generated 
Error: No spirals generated 
Error: No spirals generated 
Error: No spirals generated 
Error: No spirals generated 
Error: No spirals generated 
Error: No spirals generated 
Error: No spirals generated 
Error: No spirals generated 
Error: No spirals generated 
Error: No spirals generated 
Error: No spirals generated 
Error: No spirals generated 
Error: No spirals generated 
Error: No spirals generated 
Error: No spirals generated 
Error: No spirals generated 
Error: No spirals generated 
Error: No spirals generated 
Error: No spirals generated 
Error: No spirals generated 
Error: No spirals generated 
Error: No spirals generated 
Error: No spirals generated 
Error: No spirals generated 
Error: No spirals generated 
Error: No spirals generated 
Error: No spirals generated 
Error: No spirals generated 
Error: No spirals generated 
Error: No spirals generated 
Error: No spirals generated 
Error: No spirals generated 
Error: No spirals generated 
Error: No spirals generated 
Error: No spirals generated 
Error: No spirals generated 
Error: No spirals generated 
Error: No spirals generated 
Error: No spirals generated 
Error: No spirals generated 
Error: No spirals generated 
Error: No spirals generated 
Error: No spirals generated 
Error: No spirals generated 
Error: No spirals generated 
Error: No spirals generated 
Error: No spirals generated 
Error: No spirals generated 
Error: No spirals generated 
Error: No spirals generated 
Error: No spirals generated 
Error: No spirals generated 
Error: No spirals generated 
Error: No spirals generated 
Error: No spirals generated 
Error: No spirals generated 
Error: No spirals generated 
Error: No spirals generated 
Error: No spirals generated 
Error: No spirals generated 
Error: No spirals generated 
Error: No spirals generated 
Error: No spirals generated 
Error: No spirals generated 
Error: No spirals generated 
Error: No spirals generated 
Error: No spirals generated 
 0.0019455807211872585
steer:  0.390703619733577
throttle:  0.362151468500213
brake:  0.0
velocity sent:  0.00793519886806835
steer:  0.390703805454533
throttle:  0.360893648689368
brake:  0.0
velocity sent:  0.00793519886806835
steer:  0.390703805454533
throttle:  0.360893648689368
brake:  0.0
velocity sent:  0.00793519886806835
steer:  0.390703805454533
throttle:  0.360893648689368
brake:  0.0
velocity sent:  0.00453588347086825
steer:  0.390703572018795
throttle:  0.36160750492278
brake:  0.0
velocity sent:  0.00453588347086825
steer:  0.390703572018795
throttle:  0.36160750492278
brake:  0.0
velocity sent:  0.00453588347086825
steer:  0.390703572018795
throttle:  0.36160750492278
brake:  0.0
velocity sent:  0.004535175487903792
steer:  0.390703487781112
throttle:  0.361607653599202
brake:  0.0
velocity sent:  0.004535175487903792
steer:  0.390703487781112
throttle:  0.361607653599202
brake:  0.0
velocity sent:  0.004535175487903792
steer:  0.390703487781112
throttle:  0.361607653599202
brake:  0.0
velocity sent:  0.0
steer:  0.390703487781112
throttle:  0.362560040451662
brake:  0.0
velocity sent:  0.0
steer:  0.390703487781112
throttle:  0.362560040451662
brake:  0.0
velocity sent:  0.0008449882792226132
steer:  0.390703297933931
throttle:  0.362382592913025
brake:  0.0
velocity sent:  0.0008449882792226132
steer:  0.390703297933931
throttle:  0.362382592913025
brake:  0.0
velocity sent:  0.0008449882792226132
steer:  0.390703297933931
throttle:  0.362382592913025
brake:  0.0
velocity sent:  0.001094132348274109
steer:  0.390703307431671
throttle:  0.362330272658525
brake:  0.0
velocity sent:  0.001094132348274109
steer:  0.390703307431671
throttle:  0.362330272658525
brake:  0.0
velocity sent:  0.0021276419568238836
steer:  0.390703494112934
throttle:  0.362113235640729
brake:  0.0
velocity sent:  0.0021276419568238836
steer:  0.390703494112934
throttle:  0.362113235640729
brake:  0.0
velocity sent:  0.0021276419568238836
steer:  0.390703494112934
throttle:  0.362113235640729
brake:  0.0
velocity sent:  0.002504680882543057
steer:  0.390703714940694
throttle:  0.362034057466328
brake:  0.0
velocity sent:  0.002504680882543057
steer:  0.390703714940694
throttle:  0.362034057466328
brake:  0.0
velocity sent:  0.002056391990584296
steer:  0.390703925647781
throttle:  0.36212819813364
brake:  0.0
velocity sent:  0.002056391990584296
steer:  0.390703925647781
throttle:  0.36212819813364
brake:  0.0
velocity sent:  0.002056391990584296
steer:  0.390703925647781
throttle:  0.36212819813364
brake:  0.0
velocity sent:  0.0035764847054408524
steer:  0.390704029674137
throttle:  0.36180897866352
brake:  0.0
velocity sent:  0.0035764847054408524
steer:  0.390704029674137
throttle:  0.36180897866352
brake:  0.0
velocity sent:  0.0038130537663120974
steer:  0.390703894044319
throttle:  0.361759299160737
brake:  0.0
velocity sent:  0.0038130537663120974
steer:  0.390703894044319
throttle:  0.361759299160737
brake:  0.0
velocity sent:  0.0038130537663120974
steer:  0.390703894044319
throttle:  0.361759299160737
brake:  0.0
velocity sent:  0.005196898875816416
steer:  0.390703807263623
throttle:  0.361468691687741
brake:  0.0
velocity sent:  0.005196898875816416
steer:  0.390703807263623
throttle:  0.361468691687741
brake:  0.0
velocity sent:  0.001279034003841344
steer:  0.390703568908494
throttle:  0.362291443310855
brake:  0.0
velocity sent:  0.001279034003841344
steer:  0.390703568908494
throttle:  0.362291443310855
brake:  0.0
velocity sent:  0.001279034003841344
steer:  0.390703568908494
throttle:  0.362291443310855
brake:  0.0
velocity sent:  0.002760356784346073
steer:  0.39070346516746
throttle:  0.36198036552695
brake:  0.0
velocity sent:  0.002760356784346073
steer:  0.39070346516746
throttle:  0.36198036552695
brake:  0.0
velocity sent:  0.0011390565137570528
steer:  0.390703322245454
throttle:  0.362320838583773
brake:  0.0
velocity sent:  0.0011390565137570528
steer:  0.390703322245454
throttle:  0.362320838583773
brake:  0.0
velocity sent:  0.0011390565137570528
steer:  0.390703322245454
throttle:  0.362320838583773
brake:  0.0
velocity sent:  0.0010142190288870941
steer:  0.390703213866694
throttle:  0.362347054455596
brake:  0.0
velocity sent:  0.0010142190288870941
steer:  0.390703213866694
throttle:  0.362347054455596
brake:  0.0
velocity sent:  0.0010142190288870941
steer:  0.389005466370084
throttle:  0.362346445924179
brake:  0.0
velocity sent:  0.0007629943579477726
steer:  0.389005433183601
throttle:  0.362399203105076
brake:  0.0
velocity sent:  0.0007629943579477726
steer:  0.389005433183601
throttle:  0.362399203105076
brake:  0.0
velocity sent:  0.0019971914194823327
steer:  0.389005606407974
throttle:  0.362140021722154
brake:  0.0
velocity sent:  0.0019971914194823327
steer:  0.389005606407974
throttle:  0.362140021722154
brake:  0.0
velocity sent:  0.0019971914194823327
steer:  0.389005606407974
throttle:  0.362140021722154
brake:  0.0
velocity sent:  0.0023917027392817798
steer:  0.389005862457495
throttle:  0.362057174344996
brake:  0.0
velocity sent:  0.0023917027392817798
steer:  0.389005862457495
throttle:  0.362057174344996
brake:  0.0
velocity sent:  0.0023917027392817798
steer:  0.389005862457495
throttle:  0.362057174344996
brake:  0.0
velocity sent:  0.003393971273754434
steer:  0.389005976886206
throttle:  0.361846697952756
brake:  0.0
velocity sent:  0.003393971273754434
steer:  0.389005976886206
throttle:  0.361846697952756
brake:  0.0
velocity sent:  0.005084874932766969
steer:  0.389006051118236
throttle:  0.361491608184364
brake:  0.0
velocity sent:  0.005084874932766969
steer:  0.389006051118236
throttle:  0.361491608184364
brake:  0.0
velocity sent:  0.005084874932766969
steer:  0.389006051118236
throttle:  0.361491608184364
brake:  0.0
velocity sent:  0.002784342767097993
steer:  0.389005927699695
throttle:  0.361974719939154
brake:  0.0
velocity sent:  0.002784342767097993
steer:  0.389005927699695
throttle:  0.361974719939154
brake:  0.0
velocity sent:  0.005391509565037859
steer:  0.389005837864234
throttle:  0.361427214911587
brake:  0.0
velocity sent:  0.005391509565037859
steer:  0.389005837864234
throttle:  0.361427214911587
brake:  0.0
velocity sent:  0.005391509565037859
steer:  0.389005837864234
throttle:  0.361427214911587
brake:  0.0
velocity sent:  0.0011976458759777287
steer:  0.389005675383313
throttle:  0.36230792628629
brake:  0.0
velocity sent:  0.0011976458759777287
steer:  0.389005675383313
throttle:  0.36230792628629
brake:  0.0
velocity sent:  0.003541044254815003
steer:  0.389005584246584
throttle:  0.361815812626734
brake:  0.0
velocity sent:  0.003541044254815003
steer:  0.389005584246584
throttle:  0.361815812626734
brake:  0.0
velocity sent:  0.003541044254815003
steer:  0.389005584246584
throttle:  0.361815812626734
brake:  0.0
velocity sent:  0.0010485739568622625
steer:  0.389005447600732
throttle:  0.362339231389304
brake:  0.0
velocity sent:  0.0010485739568622625
steer:  0.389005447600732
throttle:  0.362339231389304
brake:  0.0
velocity sent:  0.0010485739568622625
steer:  0.389005447600732
throttle:  0.362339231389304
brake:  0.0
velocity sent:  0.000597384788261846
steer:  0.389005375066439
throttle:  0.36243398111471
brake:  0.0
velocity sent:  0.000597384788261846
steer:  0.389005375066439
throttle:  0.36243398111471
brake:  0.0
velocity sent:  0.000597384788261846
steer:  0.389005375066439
throttle:  0.36243398111471
brake:  0.0
velocity sent:  0.0006298973794239734
steer:  0.389005290035343
throttle:  0.362427153470566
brake:  0.0
velocity sent:  0.0006298973794239734
steer:  0.389005290035343
throttle:  0.362427153470566
brake:  0.0
velocity sent:  0.00048816302766697685
steer:  0.389005256170433
throttle:  0.362456917684435
brake:  0.0
velocity sent:  0.00048816302766697685
steer:  0.389005256170433
throttle:  0.362456917684435
brake:  0.0
velocity sent:  0.00048816302766697685Error: No spirals generated 
Error: No spirals generated 
Error: No spirals generated 
Error: No spirals generated 
Error: No spirals generated 
Error: No spirals generated 
Error: No spirals generated 
Error: No spirals generated 
Error: No spirals generated 
Error: No spirals generated 
Error: No spirals generated 
Error: No spirals generated 
Error: No spirals generated 
Error: No spirals generated 
Error: No spirals generated 
Error: No spirals generated 
Error: No spirals generated 
Error: No spirals generated 
Error: No spirals generated 
Error: No spirals generated 
Error: No spirals generated 
Error: No spirals generated 
Error: No spirals generated 
Error: No spirals generated 
Error: No spirals generated 
Error: No spirals generated 
Error: No spirals generated 
Error: No spirals generated 
Error: No spirals generated 
Error: No spirals generated 
Error: No spirals generated 
Error: No spirals generated 
Error: No spirals generated 
Error: No spirals generated 
Error: No spirals generated 
Error: No spirals generated 
Error: No spirals generated 
Error: No spirals generated 
Error: No spirals generated 
Error: No spirals generated 
Error: No spirals generated 
Error: No spirals generated 
Error: No spirals generated 
Error: No spirals generated 
Error: No spirals generated 
Error: No spirals generated 
Error: No spirals generated 
Error: No spirals generated 
Error: No spirals generated 
Error: No spirals generated 
Error: No spirals generated 
Error: No spirals generated 
Error: No spirals generated 
Error: No spirals generated 
Error: No spirals generated 
Error: No spirals generated 
Error: No spirals generated 
Error: No spirals generated 
Error: No spirals generated 
Error: No spirals generated 
Error: No spirals generated 
Error: No spirals generated 
Error: No spirals generated 
Error: No spirals generated 
Error: No spirals generated 
Error: No spirals generated 
Error: No spirals generated 
Error: No spirals generated 
Error: No spirals generated 
Error: No spirals generated 
Error: No spirals generated 
Error: No spirals generated 
Error: No spirals generated 
Error: No spirals generated 
Error: No spirals generated 
Error: No spirals generated 

steer:  0.389005256170433
throttle:  0.362456917684435
brake:  0.0
velocity sent:  0.0021384651146685086
steer:  0.389005433806388
throttle:  0.362110354246165
brake:  0.0
velocity sent:  0.0021384651146685086
steer:  0.389005433806388
throttle:  0.362110354246165
brake:  0.0
velocity sent:  0.0027764896011523666
steer:  0.389005715861758
throttle:  0.361976369104003
brake:  0.0
velocity sent:  0.0027764896011523666
steer:  0.389005715861758
throttle:  0.361976369104003
brake:  0.0
velocity sent:  0.0027764896011523666
steer:  0.389005715861758
throttle:  0.361976369104003
brake:  0.0
velocity sent:  0.0004962656789805901
steer:  0.38900576346534
throttle:  0.362455216127659
brake:  0.0
velocity sent:  0.0004962656789805901
steer:  0.38900576346534
throttle:  0.362455216127659
brake:  0.0
velocity sent:  0.000887689840169017
steer:  0.389005713033208
throttle:  0.362373017053809
brake:  0.0
velocity sent:  0.000887689840169017
steer:  0.389005713033208
throttle:  0.362373017053809
brake:  0.0
velocity sent:  0.000887689840169017
steer:  0.389005713033208
throttle:  0.362373017053809
brake:  0.0
velocity sent:  0.004581500620277738
steer:  0.38900569923888
throttle:  0.361597316789987
brake:  0.0
velocity sent:  0.004581500620277738
steer:  0.38900569923888
throttle:  0.361597316789987
brake:  0.0
velocity sent:  0.004581500620277738
steer:  0.38900569923888
throttle:  0.361597316789987
brake:  0.0
velocity sent:  0.0011022503704948804
steer:  0.3890055355123
throttle:  0.362327959342441
brake:  0.0
velocity sent:  0.0011022503704948804
steer:  0.3890055355123
throttle:  0.362327959342441
brake:  0.0
velocity sent:  0.002098610044696726
steer:  0.389005461395075
throttle:  0.362118723810859
brake:  0.0
velocity sent:  0.002098610044696726
steer:  0.389005461395075
throttle:  0.362118723810859
brake:  0.0
velocity sent:  0.002098610044696726
steer:  0.389005461395075
throttle:  0.362118723810859
brake:  0.0
velocity sent:  0.0008173280347836189
steer:  0.389005371222113
throttle:  0.36238779303294
brake:  0.0
velocity sent:  0.0008173280347836189
steer:  0.389005371222113
throttle:  0.36238779303294
brake:  0.0
velocity sent:  0.0008173280347836189
steer:  0.389005371222113
throttle:  0.36238779303294
brake:  0.0
velocity sent:  0.000698950014985667
steer:  0.389005289356932
throttle:  0.362412652417098
brake:  0.0
velocity sent:  0.000698950014985667
steer:  0.389005289356932
throttle:  0.362412652417098
brake:  0.0
velocity sent:  0.0005335431442503836
steer:  0.389005224058985
throttle:  0.362447387859952
brake:  0.0
velocity sent:  0.0005335431442503836
steer:  0.389005224058985
throttle:  0.362447387859952
brake:  0.0
velocity sent:  0.0005335431442503836
steer:  0.389005224058985
throttle:  0.362447387859952
brake:  0.0
velocity sent:  0.001638494157563175
steer:  0.389005304055831
throttle:  0.362215348147157
brake:  0.0
velocity sent:  0.001638494157563175
steer:  0.389005304055831
throttle:  0.362215348147157
brake:  0.0
velocity sent:  0.001638494157563175
steer:  0.389005304055831
throttle:  0.362215348147157
brake:  0.0
velocity sent:  0.0026742541748437042
steer:  0.389005563668148
throttle:  0.361997838543528
brake:  0.0
velocity sent:  0.0026742541748437042
steer:  0.389005563668148
throttle:  0.361997838543528
brake:  0.0
velocity sent:  0.0006511576517075446
steer:  0.389005630041087
throttle:  0.362422688813386
brake:  0.0
velocity sent:  0.0006511576517075446
steer:  0.389005630041087
throttle:  0.362422688813386
brake:  0.0
velocity sent:  0.0006511576517075446
steer:  0.387307883908402
throttle:  0.362422298118795
brake:  0.0
velocity sent:  0.0034243766318388376
steer:  0.387307974704076
throttle:  0.361839922132968
brake:  0.0
velocity sent:  0.0034243766318388376
steer:  0.387307974704076
throttle:  0.361839922132968
brake:  0.0
velocity sent:  0.0034243766318388376
steer:  0.387307974704076
throttle:  0.361839922132968
brake:  0.0
velocity sent:  0.0009570427173313652
steer:  0.387307883908402
throttle:  0.362358062255014
brake:  0.0
velocity sent:  0.0009570427173313652
steer:  0.387307883908402
throttle:  0.362358062255014
brake:  0.0
velocity sent:  0.003434937359560614
steer:  0.387307818440009
throttle:  0.361837704380146
brake:  0.0
velocity sent:  0.003434937359560614
steer:  0.387307818440009
throttle:  0.361837704380146
brake:  0.0
velocity sent:  0.003434937359560614
steer:  0.387307818440009
throttle:  0.361837704380146
brake:  0.0
velocity sent:  0.001124817704283092
steer:  0.387307723121555
throttle:  0.362322829507754
brake:  0.0
velocity sent:  0.001124817704283092
steer:  0.387307723121555
throttle:  0.362322829507754
brake:  0.0
velocity sent:  0.001124817704283092
steer:  0.387307723121555
throttle:  0.362322829507754
brake:  0.0
velocity sent:  0.005189141671215294
steer:  0.387307705764646
throttle:  0.361469321474699
brake:  0.0
velocity sent:  0.005189141671215294
steer:  0.387307705764646
throttle:  0.361469321474699
brake:  0.0
velocity sent:  0.0006395874937524195
steer:  0.387307551309547
throttle:  0.362424727851966
brake:  0.0
velocity sent:  0.0006395874937524195
steer:  0.387307551309547
throttle:  0.362424727851966
brake:  0.0
velocity sent:  0.0006395874937524195
steer:  0.387307551309547
throttle:  0.362424727851966
brake:  0.0
velocity sent:  0.0016240575371230742
steer:  0.38730762412562
throttle:  0.362217989142858
brake:  0.0
velocity sent:  0.0016240575371230742
steer:  0.38730762412562
throttle:  0.362217989142858
brake:  0.0
velocity sent:  0.0026824336892546526
steer:  0.387307859144606
throttle:  0.36199573015091
brake:  0.0
velocity sent:  0.0026824336892546526
steer:  0.387307859144606
throttle:  0.36199573015091
brake:  0.0
velocity sent:  0.0026824336892546526
steer:  0.387307859144606
throttle:  0.36199573015091
brake:  0.0
velocity sent:  0.0005065569224547584
steer:  0.387307908839043
throttle:  0.362452664271938
brake:  0.0
velocity sent:  0.0005065569224547584
steer:  0.387307908839043
throttle:  0.362452664271938
brake:  0.0
velocity sent:  0.0005065569224547584
steer:  0.387307908839043
throttle:  0.362452664271938
brake:  0.0
velocity sent:  0.0008546861375166871
steer:  0.387307904824199
throttle:  0.362379557136775
brake:  0.0
velocity sent:  0.0008546861375166871
steer:  0.387307904824199
throttle:  0.362379557136775
brake:  0.0
velocity sent:  0.0033392543562175193
steer:  0.387307890351458
throttle:  0.361857797810848
brake:  0.0
velocity sent:  0.0033392543562175193
steer:  0.387307890351458
throttle:  0.361857797810848
brake:  0.0
velocity sent:  0.0033392543562175193
steer:  0.387307890351458
throttle:  0.361857797810848
brake:  0.0
velocity sent:  0.0007634965861601197
steer:  0.387307773605666
throttle:  0.36239870694256
brake:  0.0
velocity sent:  0.0007634965861601197
steer:  0.387307773605666
throttle:  0.36239870694256
brake:  0.0
velocity sent:  0.0034073052555024727
steer:  0.387307737253276
throttle:  0.361843507121998
brake:  0.0
velocity sent:  0.0034073052555024727
steer:  0.387307737253276
throttle:  0.361843507121998
brake:  0.0
velocity sent:  0.0034073052555024727
steer:  0.387307737253276
throttle:  0.361843507121998
brake:  0.0
velocity sent:  0.0005995044296235594
steer:  0.387307623447209
throttle:  0.362433145295433
brake:  0.0
velocity sent:  0.0005995044296235594
steer:  0.387307623447209
throttle:  0.362433145295433
brake:  0.0
velocity sent:  0.0014861319058417134
steer:  0.387307695925873
throttle:  0.362246953525427
brake:  0.0
velocity sent:  0.0014861319058417134
steer:  0.387307695925873
throttle:  0.362246953525427
brake:  0.0
velocity sent:  0.0014861319058417134
steer:  0.387307695925873
throttle:  0.362246953525427
brake:  0.0
velocity sent:  0.0023323768361406846
steer:  0.387307920372008
throttle:  0.362069242090064
brake:  0.0
velocity sent:  0.0023323768361406846
steer:  0.387307920372008
throttle:  0.362069242090064
Error: No spirals generated 
Error: No spirals generated 
Error: No spirals generated 
Error: No spirals generated 
Error: No spirals generated 
Error: No spirals generated 
Error: No spirals generated 
Error: No spirals generated 
Error: No spirals generated 
Error: No spirals generated 
Error: No spirals generated 
Error: No spirals generated 
Error: No spirals generated 
Error: No spirals generated 
Error: No spirals generated 
Error: No spirals generated 
Error: No spirals generated 
Error: No spirals generated 
Error: No spirals generated 
Error: No spirals generated 
Error: No spirals generated 
Error: No spirals generated 
Error: No spirals generated 
Error: No spirals generated 
Error: No spirals generated 
Error: No spirals generated 
Error: No spirals generated 
Error: No spirals generated 
Error: No spirals generated 
Error: No spirals generated 
Error: No spirals generated 
Error: No spirals generated 
Error: No spirals generated 
Error: No spirals generated 
Error: No spirals generated 
Error: No spirals generated 
Error: No spirals generated 
Error: No spirals generated 
Error: No spirals generated 
Error: No spirals generated 
Error: No spirals generated 
Error: No spirals generated 
Error: No spirals generated 
Error: No spirals generated 
Error: No spirals generated 
Error: No spirals generated 
Error: No spirals generated 
Error: No spirals generated 
Error: No spirals generated 
Error: No spirals generated 
Error: No spirals generated 
Error: No spirals generated 
Error: No spirals generated 
Error: No spirals generated 
Error: No spirals generated 
Error: No spirals generated 
Error: No spirals generated 
Error: No spirals generated 
Error: No spirals generated 
Error: No spirals generated 
Error: No spirals generated 
Error: No spirals generated 
Error: No spirals generated 
Error: No spirals generated 
Error: No spirals generated 
Error: No spirals generated 
Error: No spirals generated 
Error: No spirals generated 
Error: No spirals generated 
Error: No spirals generated 
Error: No spirals generated 
Error: No spirals generated 
Error: No spirals generated 
Error: No spirals generated 
Error: No spirals generated 
Error: No spirals generated 
brake:  0.0
velocity sent:  0.0023323768361406846
steer:  0.387307920372008
throttle:  0.362069242090064
brake:  0.0
velocity sent:  0.0021245268123045408
steer:  0.387308182245419
throttle:  0.36211289059507
brake:  0.0
velocity sent:  0.0021245268123045408
steer:  0.387308182245419
throttle:  0.36211289059507
brake:  0.0
velocity sent:  0.002878281679085334
steer:  0.387308283669409
throttle:  0.361954602073046
brake:  0.0
velocity sent:  0.002878281679085334
steer:  0.387308283669409
throttle:  0.361954602073046
brake:  0.0
velocity sent:  0.002878281679085334
steer:  0.387308283669409
throttle:  0.361954602073046
brake:  0.0
velocity sent:  0.001493509144456326
steer:  0.387308223402228
throttle:  0.362245404305318
brake:  0.0
velocity sent:  0.001493509144456326
steer:  0.387308223402228
throttle:  0.362245404305318
brake:  0.0
velocity sent:  0.004470068246760543
steer:  0.387308166868147
throttle:  0.361620326893834
brake:  0.0
velocity sent:  0.004470068246760543
steer:  0.387308166868147
throttle:  0.361620326893834
brake:  0.0
velocity sent:  0.004470068246760543
steer:  0.387308166868147
throttle:  0.361620326893834
brake:  0.0
velocity sent:  0.0022307966391809683
steer:  0.38730795429249
throttle:  0.362090573931426
brake:  0.0
velocity sent:  0.0022307966391809683
steer:  0.38730795429249
throttle:  0.362090573931426
brake:  0.0
velocity sent:  0.0022307966391809683
steer:  0.38730795429249
throttle:  0.362090573931426
brake:  0.0
velocity sent:  0.0029725156769635926
steer:  0.387307877913945
throttle:  0.361934812933491
brake:  0.0
velocity sent:  0.0029725156769635926
steer:  0.387307877913945
throttle:  0.361934812933491
brake:  0.0
velocity sent:  0.0010552199931406529
steer:  0.387307735670319
throttle:  0.362337445027094
brake:  0.0
velocity sent:  0.0010552199931406529
steer:  0.387307735670319
throttle:  0.362337445027094
brake:  0.0
velocity sent:  0.0010552199931406529
steer:  0.387307735670319
throttle:  0.362337445027094
brake:  0.0
velocity sent:  0.0001278500917536588
steer:  0.387307671955375
throttle:  0.362532192706386
brake:  0.0
velocity sent:  0.0001278500917536588
steer:  0.387307671955375
throttle:  0.362532192706386
brake:  0.0
velocity sent:  0.0001278500917536588
steer:  0.387307671955375
throttle:  0.362532192706386
brake:  0.0
velocity sent:  0.0018934262523842185
steer:  0.387307793279558
throttle:  0.362161421712653
brake:  0.0
velocity sent:  0.0018934262523842185
steer:  0.387307793279558
throttle:  0.362161421712653
brake:  0.0
velocity sent:  0.002490275624216764
steer:  0.385610429065568
throttle:  0.361987020284259
brake:  0.0
velocity sent:  0.002490275624216764
steer:  0.385610291018737
throttle:  0.362034768234005
brake:  0.0
velocity sent:  0.0025558707645065327
steer:  0.385610537344261
throttle:  0.362020993254544
brake:  0.0
velocity sent:  0.0025558707645065327
steer:  0.385610537344261
throttle:  0.362020993254544
brake:  0.0
velocity sent:  0.0025558707645065327
steer:  0.385610537344261
throttle:  0.362020993254544
brake:  0.0
velocity sent:  0.0020900368071752103
steer:  0.385610662627454
throttle:  0.362118818385584
brake:  0.0
velocity sent:  0.0020900368071752103
steer:  0.385610662627454
throttle:  0.362118818385584
brake:  0.0
velocity sent:  0.0022538117338453474
steer:  0.385610621129595
throttle:  0.362084425650983
brake:  0.0
velocity sent:  0.0022538117338453474
steer:  0.385610621129595
throttle:  0.362084425650983
brake:  0.0
velocity sent:  0.00486331570180481
steer:  0.385610557470386
throttle:  0.361536429817712
brake:  0.0
velocity sent:  0.00486331570180481
steer:  0.385610557470386
throttle:  0.361536429817712
brake:  0.0
velocity sent:  0.00486331570180481
steer:  0.385610557470386
throttle:  0.361536429817712
brake:  0.0
velocity sent:  0.0014649145953982525
steer:  0.385610376160952
throttle:  0.362250094050057
brake:  0.0
velocity sent:  0.0014649145953982525
steer:  0.385610376160952
throttle:  0.362250094050057
brake:  0.0
velocity sent:  0.0014649145953982525
steer:  0.385610376160952
throttle:  0.362250094050057
brake:  0.0
velocity sent:  0.0038796367821144167
steer:  0.385610250540307
throttle:  0.361743002390847
brake:  0.0
velocity sent:  0.0038796367821144167
steer:  0.385610250540307
throttle:  0.361743002390847
brake:  0.0
velocity sent:  0.0013754536006810119
steer:  0.385610121638786
throttle:  0.362268880858948
brake:  0.0
velocity sent:  0.0013754536006810119
steer:  0.385610121638786
throttle:  0.362268880858948
brake:  0.0
velocity sent:  0.0013754536006810119
steer:  0.385610121638786
throttle:  0.362268880858948
brake:  0.0
velocity sent:  0.0014102601738465589
steer:  0.385610011224812
throttle:  0.362261571478583
brake:  0.0
velocity sent:  0.0014102601738465589
steer:  0.385610011224812
throttle:  0.362261571478583
brake:  0.0
velocity sent:  0.000666114577708977
steer:  0.385609969048486
throttle:  0.362417842053772
brake:  0.0
velocity sent:  0.000666114577708977
steer:  0.385609969048486
throttle:  0.362417842053772
brake:  0.0
velocity sent:  0.000666114577708977
steer:  0.385609969048486
throttle:  0.362417842053772
brake:  0.0
velocity sent:  0.002010124647205017
steer:  0.385610129327431
throttle:  0.362135599939178
brake:  0.0
velocity sent:  0.002010124647205017
steer:  0.385610129327431
throttle:  0.362135599939178
brake:  0.0
velocity sent:  0.002341031846091888
steer:  0.385610352019965
throttle:  0.362066109427412
brake:  0.0
velocity sent:  0.002341031846091888
steer:  0.385610352019965
throttle:  0.362066109427412
brake:  0.0
velocity sent:  0.0014776915939506724
steer:  0.385610576239691
throttle:  0.362247410880361
brake:  0.0
velocity sent:  0.0014776915939506724
steer:  0.385610576239691
throttle:  0.362247410880361
brake:  0.0
velocity sent:  0.0014776915939506724
steer:  0.385610576239691
throttle:  0.362247410880361
brake:  0.0
velocity sent:  0.0018530705349218868
steer:  0.385610598627174
throttle:  0.362168581302757
brake:  0.0
velocity sent:  0.0018530705349218868
steer:  0.385610598627174
throttle:  0.362168581302757
brake:  0.0
velocity sent:  0.0018530705349218868
steer:  0.385610598627174
throttle:  0.362168581302757
brake:  0.0
velocity sent:  0.005547401001767961
steer:  0.385610600777339
throttle:  0.36139277190472
brake:  0.0
velocity sent:  0.005547401001767961
steer:  0.385610600777339
throttle:  0.36139277190472
brake:  0.0
velocity sent:  0.0025034384760718926
steer:  0.385610389332468
throttle:  0.362032004035116
brake:  0.0
velocity sent:  0.0025034384760718926
steer:  0.385610389332468
throttle:  0.362032004035116
brake:  0.0
velocity sent:  0.0025034384760718926
steer:  0.385610389332468
throttle:  0.362032004035116
brake:  0.0
velocity sent:  0.00403978240155571
steer:  0.385610296164266
throttle:  0.361709371810764
brake:  0.0
velocity sent:  0.00403978240155571
steer:  0.385610296164266
throttle:  0.361709371810764
brake:  0.0
velocity sent:  0.0013344499802572694
steer:  0.385610152111612
throttle:  0.362277491619237
brake:  0.0
velocity sent:  0.0013344499802572694
steer:  0.385610152111612
throttle:  0.362277491619237
brake:  0.0
velocity sent:  0.0013344499802572694
steer:  0.385610152111612
throttle:  0.362277491619237
brake:  0.0
velocity sent:  0.00027010425832973365
steer:  0.385610086924979
throttle:  0.362501004220842
brake:  0.0
velocity sent:  0.00027010425832973365
steer:  0.385610086924979
throttle:  0.362501004220842
brake:  0.0
velocity sent:  0.001503648816514612
steer:  0.385610205424227
throttle:  0.362241959863623
brake:  0.0
velocity sent:  0.001503648816514612
steer:  0.385610205424227
throttle:  0.362241959863623
brake:  0.0
velocity sent:  0.002161706166369523
steer:  0.385610401884892
throttle:  0.362103767820153
brake:  0.0
velocity sent:  0.002161706166369523
steer:  0.385610401884892
throttle:  0.362103767820153
brake:  0.0
velocity sent:  0.002161706166369523
steer: Error: No spirals generated 
Error: No spirals generated 
Error: No spirals generated 
Error: No spirals generated 
Error: No spirals generated 
Error: No spirals generated 
Error: No spirals generated 
Error: No spirals generated 
Error: No spirals generated 
Error: No spirals generated 
Error: No spirals generated 
Error: No spirals generated 
Error: No spirals generated 
Error: No spirals generated 
Error: No spirals generated 
Error: No spirals generated 
Error: No spirals generated 
Error: No spirals generated 
Error: No spirals generated 
Error: No spirals generated 
Error: No spirals generated 
Error: No spirals generated 
Error: No spirals generated 
Error: No spirals generated 
Error: No spirals generated 
Error: No spirals generated 
Error: No spirals generated 
Error: No spirals generated 
Error: No spirals generated 
Error: No spirals generated 
Error: No spirals generated 
Error: No spirals generated 
Error: No spirals generated 
Error: No spirals generated 
Error: No spirals generated 
Error: No spirals generated 
Error: No spirals generated 
Error: No spirals generated 
Error: No spirals generated 
Error: No spirals generated 
Error: No spirals generated 
Error: No spirals generated 
Error: No spirals generated 
Error: No spirals generated 
Error: No spirals generated 
Error: No spirals generated 
Error: No spirals generated 
Error: No spirals generated 
Error: No spirals generated 
Error: No spirals generated 
Error: No spirals generated 
Error: No spirals generated 
Error: No spirals generated 
Error: No spirals generated 
Error: No spirals generated 
Error: No spirals generated 
Error: No spirals generated 
Error: No spirals generated 
Error: No spirals generated 
Error: No spirals generated 
Error: No spirals generated 
Error: No spirals generated 
Error: No spirals generated 
Error: No spirals generated 
Error: No spirals generated 
Error: No spirals generated 
Error: No spirals generated 
Error: No spirals generated 
Error: No spirals generated 
Error: No spirals generated 
Error: No spirals generated 
Error: No spirals generated 
Error: No spirals generated 
Error: No spirals generated 
Error: No spirals generated 
 0.385610401884892
throttle:  0.362103767820153
brake:  0.0
velocity sent:  0.0013139279430814355
steer:  0.38561060433992
throttle:  0.362281801247044
brake:  0.0
velocity sent:  0.0013139279430814355
steer:  0.38561060433992
throttle:  0.362281801247044
brake:  0.0
velocity sent:  0.0013139279430814355
steer:  0.38561060433992
throttle:  0.362281801247044
brake:  0.0
velocity sent:  0.005382330348810122
steer:  0.385610733126323
throttle:  0.361427436741841
brake:  0.0
velocity sent:  0.005382330348810122
steer:  0.385610733126323
throttle:  0.361427436741841
brake:  0.0
velocity sent:  0.002358544560184806
steer:  0.385610644818295
throttle:  0.362062431757452
brake:  0.0
velocity sent:  0.002358544560184806
steer:  0.385610644818295
throttle:  0.362062431757452
brake:  0.0
velocity sent:  0.002358544560184806
steer:  0.385610644818295
throttle:  0.362062431757452
brake:  0.0
velocity sent:  0.005103346848272884
steer:  0.385610586756895
throttle:  0.361486023276954
brake:  0.0
velocity sent:  0.005103346848272884
steer:  0.385610586756895
throttle:  0.361486023276954
brake:  0.0
velocity sent:  0.002874411191613458
steer:  0.38561035609042
throttle:  0.361954099764852
brake:  0.0
velocity sent:  0.002874411191613458
steer:  0.38561035609042
throttle:  0.361954099764852
brake:  0.0
velocity sent:  0.002874411191613458
steer:  0.38561035609042
throttle:  0.361954099764852
brake:  0.0
velocity sent:  0.00320266442358637
steer:  0.385610241494846
throttle:  0.361885166586138
brake:  0.0
velocity sent:  0.00320266442358637
steer:  0.385610241494846
throttle:  0.361885166586138
brake:  0.0
velocity sent:  0.002444711310788673
steer:  0.385610105583085
throttle:  0.362044336739825
brake:  0.0
velocity sent:  0.002444711310788673
steer:  0.385610105583085
throttle:  0.362044336739825
brake:  0.0
velocity sent:  0.002444711310788673
steer:  0.383912359179963
throttle:  0.362042869913039
brake:  0.0
velocity sent:  0.001744098866628876
steer:  0.383912240625059
throttle:  0.362189998526312
brake:  0.0
velocity sent:  0.001744098866628876
steer:  0.383912240625059
throttle:  0.362189998526312
brake:  0.0
velocity sent:  0.00083504445121362
steer:  0.383912144402034
throttle:  0.362380899953549
brake:  0.0
velocity sent:  0.00083504445121362
steer:  0.383912144402034
throttle:  0.362380899953549
brake:  0.0
velocity sent:  0.00083504445121362
steer:  0.383912144402034
throttle:  0.362380899953549
brake:  0.0
velocity sent:  0.0012289809528568064
steer:  0.383912172443
throttle:  0.362298173288204
brake:  0.0
velocity sent:  0.0012289809528568064
steer:  0.383912172443
throttle:  0.362298173288204
brake:  0.0
velocity sent:  0.002348244112373098
steer:  0.383912371617478
throttle:  0.362063128024706
brake:  0.0
velocity sent:  0.002348244112373098
steer:  0.383912371617478
throttle:  0.362063128024706
brake:  0.0
velocity sent:  0.002348244112373098
steer:  0.383912371617478
throttle:  0.362063128024706
brake:  0.0
velocity sent:  0.002511322795984598
steer:  0.383912638862602
throttle:  0.362028881501148
brake:  0.0
velocity sent:  0.002511322795984598
steer:  0.383912638862602
throttle:  0.362028881501148
brake:  0.0
velocity sent:  0.0018178341128705245
steer:  0.383912862685658
throttle:  0.362174514124602
brake:  0.0
velocity sent:  0.0018178341128705245
steer:  0.383912862685658
throttle:  0.362174514124602
brake:  0.0
velocity sent:  0.0018178341128705245
steer:  0.383912862685658
throttle:  0.362174514124602
brake:  0.0
velocity sent:  0.0028181169086591872
steer:  0.38391295619483
throttle:  0.361964454737486
brake:  0.0
velocity sent:  0.0028181169086591872
steer:  0.38391295619483
throttle:  0.361964454737486
brake:  0.0
velocity sent:  0.0035276664467867058
steer:  0.383912850982174
throttle:  0.361815449334479
brake:  0.0
velocity sent:  0.0035276664467867058
steer:  0.383912850982174
throttle:  0.361815449334479
brake:  0.0
velocity sent:  0.0035276664467867058
steer:  0.383912850982174
throttle:  0.361815449334479
brake:  0.0
velocity sent:  0.003026602275488051
steer:  0.383912793317436
throttle:  0.361920672810452
brake:  0.0
velocity sent:  0.003026602275488051
steer:  0.383912793317436
throttle:  0.361920672810452
brake:  0.0
velocity sent:  0.0021913255461303697
steer:  0.383912597023659
throttle:  0.362096080923617
brake:  0.0
velocity sent:  0.0021913255461303697
steer:  0.383912597023659
throttle:  0.362096080923617
brake:  0.0
velocity sent:  0.0021913255461303697
steer:  0.383912597023659
throttle:  0.362096080923617
brake:  0.0
velocity sent:  0.0017710605690252697
steer:  0.383912491644064
throttle:  0.362184336568809
brake:  0.0
velocity sent:  0.0017710605690252697
steer:  0.383912491644064
throttle:  0.362184336568809
brake:  0.0
velocity sent:  0.0012613068589865614
steer:  0.38391235872769
throttle:  0.362291384847917
brake:  0.0
velocity sent:  0.0012613068589865614
steer:  0.38391235872769
throttle:  0.362291384847917
brake:  0.0
velocity sent:  0.0009521448838163605
steer:  0.383912252610306
throttle:  0.362356308862703
brake:  0.0
velocity sent:  0.0009521448838163605
steer:  0.383912252610306
throttle:  0.362356308862703
brake:  0.0
velocity sent:  0.0009521448838163605
steer:  0.383912252610306
throttle:  0.362356308862703
brake:  0.0
velocity sent:  0.0008316784639743062
steer:  0.383912234122715
throttle:  0.36238160681087
brake:  0.0
velocity sent:  0.0008316784639743062
steer:  0.383912234122715
throttle:  0.36238160681087
brake:  0.0
velocity sent:  0.0021159532723390734
steer:  0.383912408874402
throttle:  0.362111909101113
brake:  0.0
velocity sent:  0.0021159532723390734
steer:  0.383912408874402
throttle:  0.362111909101113
brake:  0.0
velocity sent:  0.0021159532723390734
steer:  0.383912408874402
throttle:  0.362111909101113
brake:  0.0
velocity sent:  0.002487480147770024
steer:  0.38391263473283
throttle:  0.362033888457273
brake:  0.0
velocity sent:  0.002487480147770024
steer:  0.38391263473283
throttle:  0.362033888457273
brake:  0.0
velocity sent:  0.0018652602024835663
steer:  0.38391286969588
throttle:  0.362164554645783
brake:  0.0
velocity sent:  0.0018652602024835663
steer:  0.38391286969588
throttle:  0.362164554645783
brake:  0.0
velocity sent:  0.0018652602024835663
steer:  0.38391286969588
throttle:  0.362164554645783
brake:  0.0
velocity sent:  0.0011353504258442343
steer:  0.38391290514366
throttle:  0.362317835698877
brake:  0.0
velocity sent:  0.0011353504258442343
steer:  0.38391290514366
throttle:  0.362317835698877
brake:  0.0
velocity sent:  0.004144688502871162
steer:  0.383912899716393
throttle:  0.361685874702701
brake:  0.0
velocity sent:  0.004144688502871162
steer:  0.383912899716393
throttle:  0.361685874702701
brake:  0.0
velocity sent:  0.004144688502871162
steer:  0.383912899716393
throttle:  0.361685874702701
brake:  0.0
velocity sent:  0.0033959053577912062
steer:  0.383912711226236
throttle:  0.361843119163168
brake:  0.0
velocity sent:  0.0033959053577912062
steer:  0.383912711226236
throttle:  0.361843119163168
brake:  0.0
velocity sent:  0.0033959053577912062
steer:  0.383912711226236
throttle:  0.361843119163168
brake:  0.0
velocity sent:  0.0031590944237613362
steer:  0.383912592841988
throttle:  0.361892849459314
brake:  0.0
velocity sent:  0.0031590944237613362
steer:  0.383912592841988
throttle:  0.361892849459314
brake:  0.0
velocity sent:  0.0008568310713407076
steer:  0.383912434146084
throttle:  0.362376324763323
brake:  0.0
velocity sent:  0.0008568310713407076
steer:  0.383912434146084
throttle:  0.362376324763323
brake:  0.0
velocity sent:  0.0008568310713407076
steer:  0.383912434146084
throttle:  0.362376324763323
brake:  0.0
velocity sent:  0.0010998890531815153
steer:  0.383912302304761
throttle:  0.362325282587136
brake:  0.0
velocity sent:  0.0010998890531815153
steer:  0.383912302304761
throttle:  0.362325282587136
brake:  0.0
velocity sent:  0.0006977605960635569Error: No spirals generated 
Error: No spirals generated 
Error: No spirals generated 
Error: No spirals generated 
Error: No spirals generated 
Error: No spirals generated 
Error: No spirals generated 
Error: No spirals generated 
Error: No spirals generated 
Error: No spirals generated 
Error: No spirals generated 
Error: No spirals generated 
Error: No spirals generated 
Error: No spirals generated 
Error: No spirals generated 
Error: No spirals generated 
Error: No spirals generated 
Error: No spirals generated 
Error: No spirals generated 
Error: No spirals generated 
Error: No spirals generated 
Error: No spirals generated 
Error: No spirals generated 
Error: No spirals generated 
Error: No spirals generated 
Error: No spirals generated 
Error: No spirals generated 
Error: No spirals generated 
Error: No spirals generated 
Error: No spirals generated 
Error: No spirals generated 
Error: No spirals generated 
Error: No spirals generated 
Error: No spirals generated 
Error: No spirals generated 
Error: No spirals generated 
Error: No spirals generated 
Error: No spirals generated 
Error: No spirals generated 
Error: No spirals generated 
Error: No spirals generated 
Error: No spirals generated 
Error: No spirals generated 
Error: No spirals generated 
Error: No spirals generated 
Error: No spirals generated 
Error: No spirals generated 
Error: No spirals generated 
Error: No spirals generated 
Error: No spirals generated 
Error: No spirals generated 
Error: No spirals generated 
Error: No spirals generated 
Error: No spirals generated 
Error: No spirals generated 
Error: No spirals generated 
Error: No spirals generated 
Error: No spirals generated 
Error: No spirals generated 
Error: No spirals generated 
Error: No spirals generated 
Error: No spirals generated 
Error: No spirals generated 
Error: No spirals generated 
Error: No spirals generated 
Error: No spirals generated 
Error: No spirals generated 
Error: No spirals generated 
Error: No spirals generated 
Error: No spirals generated 
Error: No spirals generated 
Error: No spirals generated 
Error: No spirals generated 
Error: No spirals generated 
Error: No spirals generated 
Error: No spirals generated 

steer:  0.383912260580712
throttle:  0.362409729563131
brake:  0.0
velocity sent:  0.0006977605960635569
steer:  0.383912260580712
throttle:  0.362409729563131
brake:  0.0
velocity sent:  0.0006977605960635569
steer:  0.383912260580712
throttle:  0.362409729563131
brake:  0.0
velocity sent:  0.0019051979968758585
steer:  0.383912424930099
throttle:  0.36215616770896
brake:  0.0
velocity sent:  0.0019051979968758585
steer:  0.383912424930099
throttle:  0.36215616770896
brake:  0.0
velocity sent:  0.0023099821904588704
steer:  0.383912657743133
throttle:  0.362071163028308
brake:  0.0
velocity sent:  0.0023099821904588704
steer:  0.383912657743133
throttle:  0.362071163028308
brake:  0.0
velocity sent:  0.0023099821904588704
steer:  0.383912657743133
throttle:  0.362071163028308
brake:  0.0
velocity sent:  0.0018030617076038244
steer:  0.383912805187722
throttle:  0.362177616329708
brake:  0.0
velocity sent:  0.0018030617076038244
steer:  0.382215062501331
throttle:  0.362176534492683
brake:  0.0
velocity sent:  0.00492379198891244
steer:  0.382215125482133
throttle:  0.361521181133608
brake:  0.0
velocity sent:  0.00492379198891244
steer:  0.382215125482133
throttle:  0.361521181133608
brake:  0.0
velocity sent:  0.00492379198891244
steer:  0.382215125482133
throttle:  0.361521181133608
brake:  0.0
velocity sent:  0.002987836439752044
steer:  0.382214959379464
throttle:  0.361927731798932
brake:  0.0
velocity sent:  0.002987836439752044
steer:  0.382214959379464
throttle:  0.361927731798932
brake:  0.0
velocity sent:  0.002987836439752044
steer:  0.378819472287985
throttle:  0.361924146395204
brake:  0.0
velocity sent:  0.004571465751819701
steer:  0.377121592068921
throttle:  0.361462626104047
brake:  0.0
velocity sent:  0.004571465751819701
steer:  0.377121641372826
throttle:  0.361589316449013
brake:  0.0
velocity sent:  0.0013121778245890313
steer:  0.377121480189439
throttle:  0.362273766913731
brake:  0.0
velocity sent:  0.0013121778245890313
steer:  0.377121480189439
throttle:  0.362273766913731
brake:  0.0
velocity sent:  0.0013121778245890313
steer:  0.377121480189439
throttle:  0.362273766913731
brake:  0.0
velocity sent:  0.004896892446823297
steer:  0.377121392389157
throttle:  0.361520976843062
brake:  0.0
velocity sent:  0.004896892446823297
steer:  0.377121392389157
throttle:  0.361520976843062
brake:  0.0
velocity sent:  0.0007602615223300097
steer:  0.377121363106297
throttle:  0.362389669337205
brake:  0.0
velocity sent:  0.0007602615223300097
steer:  0.377121363106297
throttle:  0.362389669337205
brake:  0.0
velocity sent:  0.0007602615223300097
steer:  0.377121363106297
throttle:  0.362389669337205
brake:  0.0
velocity sent:  0.0019085461510937917
steer:  0.377121531752254
throttle:  0.362148529565165
brake:  0.0
velocity sent:  0.0019085461510937917
steer:  0.377121531752254
throttle:  0.362148529565165
brake:  0.0
velocity sent:  0.002128500940102868
steer:  0.377121746077674
throttle:  0.362102339059473
brake:  0.0
velocity sent:  0.002128500940102868
steer:  0.377121746077674
throttle:  0.362102339059473
brake:  0.0
velocity sent:  0.002128500940102868
steer:  0.377121746077674
throttle:  0.362102339059473
brake:  0.0
velocity sent:  0.001107502031703719
steer:  0.377121899401784
throttle:  0.362316748830237
brake:  0.0
velocity sent:  0.001107502031703719
steer:  0.377121899401784
throttle:  0.362316748830237
brake:  0.0
velocity sent:  0.0037968573527449854
steer:  0.377121884306257
throttle:  0.361751984212818
brake:  0.0
velocity sent:  0.0037968573527449854
steer:  0.377121884306257
throttle:  0.361751984212818
brake:  0.0
velocity sent:  0.0037968573527449854
steer:  0.377121884306257
throttle:  0.361751984212818
brake:  0.0
velocity sent:  0.0042581525821069515
steer:  0.377121854456278
throttle:  0.361655112214652
brake:  0.0
velocity sent:  0.0042581525821069515
steer:  0.377121854456278
throttle:  0.361655112214652
brake:  0.0
velocity sent:  0.0026659480935006716
steer:  0.377121659860403
throttle:  0.36198947515726
brake:  0.0
velocity sent:  0.0026659480935006716
steer:  0.377121659860403
throttle:  0.36198947515726
brake:  0.0
velocity sent:  0.0026659480935006716
steer:  0.377121659860403
throttle:  0.36198947515726
brake:  0.0
velocity sent:  0.004152841296387764
steer:  0.377121555948859
throttle:  0.361677227584653
brake:  0.0
velocity sent:  0.004152841296387764
steer:  0.377121555948859
throttle:  0.361677227584653
brake:  0.0
velocity sent:  0.0012383253658235945
steer:  0.377121385946098
throttle:  0.362289275930072
brake:  0.0
velocity sent:  0.0012383253658235945
steer:  0.377121385946098
throttle:  0.362289275930072
brake:  0.0
velocity sent:  0.0012383253658235945
steer:  0.377121385946098
throttle:  0.362289275930072
brake:  0.0
velocity sent:  0.0010570116527342458
steer:  0.377121290231004
throttle:  0.362327351809821
brake:  0.0
velocity sent:  0.0010570116527342458
steer:  0.377121290231004
throttle:  0.362327351809821
brake:  0.0
velocity sent:  0.0007260277432376593
steer:  0.377121257949073
throttle:  0.362396858430815
brake:  0.0
velocity sent:  0.0007260277432376593
steer:  0.377121257949073
throttle:  0.362396858430815
brake:  0.0
velocity sent:  0.0007260277432376593
steer:  0.377121257949073
throttle:  0.362396858430815
brake:  0.0
velocity sent:  0.002056596879878155
steer:  0.377121415117722
throttle:  0.36211743891212
brake:  0.0
velocity sent:  0.002056596879878155
steer:  0.377121415117722
throttle:  0.36211743891212
brake:  0.0
velocity sent:  0.002056596879878155
steer:  0.377121415117722
throttle:  0.36211743891212
brake:  0.0
velocity sent:  0.0024241180934032503
steer:  0.377121667096767
throttle:  0.36204025945728
brake:  0.0
velocity sent:  0.0024241180934032503
steer:  0.377121667096767
throttle:  0.36204025945728
brake:  0.0
velocity sent:  0.003602592178861016
steer:  0.377121779771982
throttle:  0.361792779899334
brake:  0.0
velocity sent:  0.003602592178861016
steer:  0.377121779771982
throttle:  0.361792779899334
brake:  0.0
velocity sent:  0.003602592178861016
steer:  0.377121779771982
throttle:  0.361792779899334
brake:  0.0
velocity sent:  0.0050150252205736524
steer:  0.377121870964222
throttle:  0.361496168960574
brake:  0.0
velocity sent:  0.0050150252205736524
steer:  0.377121870964222
throttle:  0.361496168960574
brake:  0.0
velocity sent:  0.001985987928253921
steer:  0.377121733469644
throttle:  0.362132266791961
brake:  0.0
velocity sent:  0.001985987928253921
steer:  0.377121733469644
throttle:  0.362132266791961
brake:  0.0
velocity sent:  0.001985987928253921
steer:  0.377121733469644
throttle:  0.362132266791961
brake:  0.0
velocity sent:  0.002494728586036157
steer:  0.377121642674037
throttle:  0.362025431253827
brake:  0.0
velocity sent:  0.002494728586036157
steer:  0.377121642674037
throttle:  0.362025431253827
brake:  0.0
velocity sent:  0.005410547197891333
steer:  0.377121464586017
throttle:  0.361413109345337
brake:  0.0
velocity sent:  0.005410547197891333
steer:  0.377121464586017
throttle:  0.361413109345337
brake:  0.0
velocity sent:  0.005410547197891333
steer:  0.377121464586017
throttle:  0.361413109345337
brake:  0.0
velocity sent:  0.001032647266993533
steer:  0.377121347669722
throttle:  0.362332468330826
brake:  0.0
velocity sent:  0.001032647266993533
steer:  0.377121347669722
throttle:  0.362332468330826
brake:  0.0
velocity sent:  0.0008961676319622918
steer:  0.377121247999056
throttle:  0.362361129054183
brake:  0.0
velocity sent:  0.0008961676319622918
steer:  0.377121247999056
throttle:  0.362361129054183
brake:  0.0
velocity sent:  0.0008961676319622918
steer:  0.377121247999056
throttle:  0.362361129054183
brake:  0.0
velocity sent:  0.0011700954993336405
steer:  0.377121270386593
throttle:  0.362303604202035
brake:  0.0
velocity sent:  0.0011700954993336405
steer:  0.377121270386593
throttle:  0.362303604202035
brake: Error: No spirals generated 
Error: No spirals generated 
Error: No spirals generated 
Error: No spirals generated 
Error: No spirals generated 
Error: No spirals generated 
Error: No spirals generated 
Error: No spirals generated 
Error: No spirals generated 
Error: No spirals generated 
Error: No spirals generated 
Error: No spirals generated 
Error: No spirals generated 
Error: No spirals generated 
Error: No spirals generated 
Error: No spirals generated 
Error: No spirals generated 
Error: No spirals generated 
Error: No spirals generated 
Error: No spirals generated 
Error: No spirals generated 
Error: No spirals generated 
Error: No spirals generated 
Error: No spirals generated 
Error: No spirals generated 
Error: No spirals generated 
Error: No spirals generated 
Error: No spirals generated 
Error: No spirals generated 
Error: No spirals generated 
Error: No spirals generated 
Error: No spirals generated 
Error: No spirals generated 
Error: No spirals generated 
Error: No spirals generated 
Error: No spirals generated 
Error: No spirals generated 
Error: No spirals generated 
Error: No spirals generated 
Error: No spirals generated 
Error: No spirals generated 
Error: No spirals generated 
Error: No spirals generated 
Error: No spirals generated 
Error: No spirals generated 
Error: No spirals generated 
Error: No spirals generated 
Error: No spirals generated 
Error: No spirals generated 
Error: No spirals generated 
Error: No spirals generated 
Error: No spirals generated 
Error: No spirals generated 
Error: No spirals generated 
Error: No spirals generated 
Error: No spirals generated 
Error: No spirals generated 
Error: No spirals generated 
Error: No spirals generated 
Error: No spirals generated 
Error: No spirals generated 
Error: No spirals generated 
Error: No spirals generated 
Error: No spirals generated 
Error: No spirals generated 
Error: No spirals generated 
Error: No spirals generated 
Error: No spirals generated 
Error: No spirals generated 
Error: No spirals generated 
Error: No spirals generated 
Error: No spirals generated 
Error: No spirals generated 
Error: No spirals generated 
Error: No spirals generated 
Error: No spirals generated 
 0.0
velocity sent:  0.0022477735421879775
steer:  0.377121454013214
throttle:  0.362077291813035
brake:  0.0
velocity sent:  0.0022477735421879775
steer:  0.377121454013214
throttle:  0.362077291813035
brake:  0.0
velocity sent:  0.0022477735421879775
steer:  0.377121454013214
throttle:  0.362077291813035
brake:  0.0
velocity sent:  0.002519232267814398
steer:  0.377121698077449
throttle:  0.362020285480654
brake:  0.0
velocity sent:  0.002519232267814398
steer:  0.377121698077449
throttle:  0.362020285480654
brake:  0.0
velocity sent:  0.0021016823938385556
steer:  0.377121890411934
throttle:  0.362107970954189
brake:  0.0
velocity sent:  0.0021016823938385556
steer:  0.377121890411934
throttle:  0.362107970954189
brake:  0.0
velocity sent:  0.0021016823938385556
steer:  0.377121890411934
throttle:  0.362107970954189
brake:  0.0
velocity sent:  0.0041271566188641065
steer:  0.375424299366446
throttle:  0.361518714777227
brake:  0.0
velocity sent:  0.0041271566188641065
steer:  0.375424244840192
throttle:  0.361680752715229
brake:  0.0
velocity sent:  0.002701701491770857
steer:  0.375424109607027
throttle:  0.361980098291919
brake:  0.0
velocity sent:  0.002701701491770857
steer:  0.375424109607027
throttle:  0.361980098291919
brake:  0.0
velocity sent:  0.00365442443444197
steer:  0.375424040691075
throttle:  0.361780026473958
brake:  0.0
velocity sent:  0.00365442443444197
steer:  0.375424040691075
throttle:  0.361780026473958
brake:  0.0
velocity sent:  0.00365442443444197
steer:  0.375424040691075
throttle:  0.361780026473958
brake:  0.0
velocity sent:  0.0016874381900521165
steer:  0.375423863678201
throttle:  0.36219309358528
brake:  0.0
velocity sent:  0.0016874381900521165
steer:  0.375423863678201
throttle:  0.36219309358528
brake:  0.0
velocity sent:  0.0016874381900521165
steer:  0.375423863678201
throttle:  0.36219309358528
brake:  0.0
velocity sent:  0.005209248298655271
steer:  0.375423741334671
throttle:  0.361453513462473
brake:  0.0
velocity sent:  0.005209248298655271
steer:  0.375423741334671
throttle:  0.361453513462473
brake:  0.0
velocity sent:  0.0012821268318022258
steer:  0.375423549904522
throttle:  0.362278208970512
brake:  0.0
velocity sent:  0.0012821268318022258
steer:  0.375423549904522
throttle:  0.362278208970512
brake:  0.0
velocity sent:  0.0012821268318022258
steer:  0.375423549904522
throttle:  0.362278208970512
brake:  0.0
velocity sent:  0.000301636035753964
steer:  0.375423458486011
throttle:  0.362484112037683
brake:  0.0
velocity sent:  0.000301636035753964
steer:  0.375423458486011
throttle:  0.362484112037683
brake:  0.0
velocity sent:  0.0016598454044965934
steer:  0.375423567090911
throttle:  0.362198888070247
brake:  0.0
velocity sent:  0.0016598454044965934
steer:  0.375423567090911
throttle:  0.362198888070247
brake:  0.0
velocity sent:  0.0023508474221854187
steer:  0.375423791536975
throttle:  0.362053777646532
brake:  0.0
velocity sent:  0.0023508474221854187
steer:  0.375423791536975
throttle:  0.362053777646532
brake:  0.0
velocity sent:  0.0023508474221854187
steer:  0.375423791536975
throttle:  0.362053777646532
brake:  0.0
velocity sent:  0.002479121235991744
steer:  0.375424022314708
throttle:  0.362026840145633
brake:  0.0
velocity sent:  0.002479121235991744
steer:  0.375424022314708
throttle:  0.362026840145633
brake:  0.0
velocity sent:  0.002479121235991744
steer:  0.375424022314708
throttle:  0.362026840145633
brake:  0.0
velocity sent:  0.001164598616866344
steer:  0.375424184573041
throttle:  0.362302889895649
brake:  0.0
velocity sent:  0.001164598616866344
steer:  0.375424184573041
throttle:  0.362302889895649
brake:  0.0
velocity sent:  0.004350191761307154
steer:  0.375424154663725
throttle:  0.361633915335316
brake:  0.0
velocity sent:  0.004350191761307154
steer:  0.375424154663725
throttle:  0.361633915335316
brake:  0.0
velocity sent:  0.004350191761307154
steer:  0.375424154663725
throttle:  0.361633915335316
brake:  0.0
velocity sent:  0.005374289050733343
steer:  0.375424116898985
throttle:  0.361418854904537
brake:  0.0
velocity sent:  0.005374289050733343
steer:  0.375424116898985
throttle:  0.361418854904537
brake:  0.0
velocity sent:  0.00312520813678406
steer:  0.375423886006393
throttle:  0.361891161896466
brake:  0.0
velocity sent:  0.00312520813678406
steer:  0.375423886006393
throttle:  0.361891161896466
brake:  0.0
velocity sent:  0.00312520813678406
steer:  0.375423886006393
throttle:  0.361891161896466
brake:  0.0
velocity sent:  0.0033340616759883882
steer:  0.375423812793803
throttle:  0.361847302653233
brake:  0.0
velocity sent:  0.0033340616759883882
steer:  0.375423812793803
throttle:  0.361847302653233
brake:  0.0
velocity sent:  0.0033340616759883882
steer:  0.375423812793803
throttle:  0.361847302653233
brake:  0.0
velocity sent:  0.0036892203055962844
steer:  0.375423608192164
throttle:  0.361772719341016
brake:  0.0
velocity sent:  0.0036892203055962844
steer:  0.375423608192164
throttle:  0.361772719341016
brake:  0.0
velocity sent:  0.0009248168637839074
steer:  0.375423503431602
throttle:  0.362353244063796
brake:  0.0
velocity sent:  0.0009248168637839074
steer:  0.375423503431602
throttle:  0.362353244063796
brake:  0.0
velocity sent:  0.0009248168637839074
steer:  0.375423503431602
throttle:  0.362353244063796
brake:  0.0
velocity sent:  0.0007959495914851677
steer:  0.375423392902705
throttle:  0.362380306190979
brake:  0.0
velocity sent:  0.0007959495914851677
steer:  0.375423392902705
throttle:  0.362380306190979
brake:  0.0
velocity sent:  0.0014201041214361514
steer:  0.375423441466489
throttle:  0.362249233739689
brake:  0.0
velocity sent:  0.0014201041214361514
steer:  0.375423441466489
throttle:  0.362249233739689
brake:  0.0
velocity sent:  0.0014201041214361514
steer:  0.375423441466489
throttle:  0.362249233739689
brake:  0.0
velocity sent:  0.002317104192733115
steer:  0.375423664047906
throttle:  0.362060863724717
brake:  0.0
velocity sent:  0.002317104192733115
steer:  0.375423664047906
throttle:  0.362060863724717
brake:  0.0
velocity sent:  0.0021632864250138023
steer:  0.375423929765634
throttle:  0.362093165455938
brake:  0.0
velocity sent:  0.0021632864250138023
steer:  0.375423929765634
throttle:  0.362093165455938
brake:  0.0
velocity sent:  0.0021632864250138023
steer:  0.375423929765634
throttle:  0.362093165455938
brake:  0.0
velocity sent:  0.0025327898135895795
steer:  0.375424039953336
throttle:  0.362015569744337
brake:  0.0
velocity sent:  0.0025327898135895795
steer:  0.375424039953336
throttle:  0.362015569744337
brake:  0.0
velocity sent:  0.0025327898135895795
steer:  0.375424039953336
throttle:  0.362015569744337
brake:  0.0
velocity sent:  0.0038271421128127227
steer:  0.375423981947519
throttle:  0.3617437557615
brake:  0.0
velocity sent:  0.0038271421128127227
steer:  0.375423981947519
throttle:  0.3617437557615
brake:  0.0
velocity sent:  0.005317012055852012
steer:  0.375423915519044
throttle:  0.361430883073462
brake:  0.0
velocity sent:  0.005317012055852012
steer:  0.375423915519044
throttle:  0.361430883073462
brake:  0.0
velocity sent:  0.005317012055852012
steer:  0.375423915519044
throttle:  0.361430883073462
brake:  0.0
velocity sent:  0.0012204054045147298
steer:  0.375423708541193
throttle:  0.362291170470243
brake:  0.0
velocity sent:  0.0012204054045147298
steer:  0.375423708541193
throttle:  0.362291170470243
brake:  0.0
velocity sent:  0.004414030219449264
steer:  0.375423625660302
throttle:  0.361620509259106
brake:  0.0
velocity sent:  0.004414030219449264
steer:  0.375423625660302
throttle:  0.361620509259106
brake:  0.0
velocity sent:  0.004414030219449264
steer:  0.375423625660302
throttle:  0.361620509259106
brake:  0.0
velocity sent:  0.0009881177587509437
steer:  0.375423453114352
throttle:  0.362339950875853
brake:  0.0
velocity sent:  0.0009881177587509437
steer:  0.373725705123023Error: No spirals generated 
Error: No spirals generated 
Error: No spirals generated 
Error: No spirals generated 
Error: No spirals generated 
Error: No spirals generated 
Error: No spirals generated 
Error: No spirals generated 
Error: No spirals generated 
Error: No spirals generated 
Error: No spirals generated 
Error: No spirals generated 
Error: No spirals generated 
Error: No spirals generated 
Error: No spirals generated 
Error: No spirals generated 
Error: No spirals generated 
Error: No spirals generated 
Error: No spirals generated 
Error: No spirals generated 
Error: No spirals generated 
Error: No spirals generated 
Error: No spirals generated 
Error: No spirals generated 
Error: No spirals generated 
Error: No spirals generated 
Error: No spirals generated 
Error: No spirals generated 
Error: No spirals generated 
Error: No spirals generated 
Error: No spirals generated 
Error: No spirals generated 
Error: No spirals generated 
Error: No spirals generated 
Error: No spirals generated 
Error: No spirals generated 
Error: No spirals generated 
Error: No spirals generated 
Error: No spirals generated 
Error: No spirals generated 
Error: No spirals generated 
Error: No spirals generated 
Error: No spirals generated 
Error: No spirals generated 
Error: No spirals generated 
Error: No spirals generated 
Error: No spirals generated 
Error: No spirals generated 
Error: No spirals generated 
Error: No spirals generated 
Error: No spirals generated 
Error: No spirals generated 
Error: No spirals generated 
Error: No spirals generated 
Error: No spirals generated 
Error: No spirals generated 
Error: No spirals generated 
Error: No spirals generated 
Error: No spirals generated 
Error: No spirals generated 
Error: No spirals generated 
Error: No spirals generated 
Error: No spirals generated 
Error: No spirals generated 
Error: No spirals generated 
Error: No spirals generated 
Error: No spirals generated 
Error: No spirals generated 
Error: No spirals generated 
Error: No spirals generated 
Error: No spirals generated 
Error: No spirals generated 
Error: No spirals generated 
Error: No spirals generated 
Error: No spirals generated 

throttle:  0.362339358005198
brake:  0.0
velocity sent:  0.0009886058099955648
steer:  0.373725606015839
throttle:  0.362339255514437
brake:  0.0
velocity sent:  0.0009886058099955648
steer:  0.373725606015839
throttle:  0.362339255514437
brake:  0.0
velocity sent:  0.0009886058099955648
steer:  0.373725606015839
throttle:  0.362339255514437
brake:  0.0
velocity sent:  0.0006674566113222923
steer:  0.373725509733535
throttle:  0.362406696846158
brake:  0.0
velocity sent:  0.0006674566113222923
steer:  0.373725509733535
throttle:  0.362406696846158
brake:  0.0
velocity sent:  0.0006674566113222923
steer:  0.373725509733535
throttle:  0.362406696846158
brake:  0.0
velocity sent:  0.0016905568151809277
steer:  0.373725601152084
throttle:  0.362191845803348
brake:  0.0
velocity sent:  0.0016905568151809277
steer:  0.373725601152084
throttle:  0.362191845803348
brake:  0.0
velocity sent:  0.002650572343773603
steer:  0.373725874050786
throttle:  0.361990242542343
brake:  0.0
velocity sent:  0.002650572343773603
steer:  0.373725874050786
throttle:  0.361990242542343
brake:  0.0
velocity sent:  0.002650572343773603
steer:  0.373725874050786
throttle:  0.361990242542343
brake:  0.0
velocity sent:  0.002782578142963456
steer:  0.373726158593473
throttle:  0.361962521324513
brake:  0.0
velocity sent:  0.002782578142963456
steer:  0.373726158593473
throttle:  0.361962521324513
brake:  0.0
velocity sent:  0.002782578142963456
steer:  0.373726158593473
throttle:  0.361962521324513
brake:  0.0
velocity sent:  0.0036349044466164925
steer:  0.37372644782917
throttle:  0.361783532800746
brake:  0.0
velocity sent:  0.0036349044466164925
steer:  0.37372644782917
throttle:  0.361783532800746
brake:  0.0
velocity sent:  0.003988907393443286
steer:  0.37372636098915
throttle:  0.361709192181912
brake:  0.0
velocity sent:  0.003988907393443286
steer:  0.37372636098915
throttle:  0.361709192181912
brake:  0.0
velocity sent:  0.003988907393443286
steer:  0.37372636098915
throttle:  0.361709192181912
brake:  0.0
velocity sent:  0.005221320664441031
steer:  0.373726348269925
throttle:  0.361450385395003
brake:  0.0
velocity sent:  0.005221320664441031
steer:  0.373726348269925
throttle:  0.361450385395003
brake:  0.0
velocity sent:  0.005221320664441031
steer:  0.373726348269925
throttle:  0.361450385395003
brake:  0.0
velocity sent:  0.0032969041344435845
steer:  0.373726102507949
throttle:  0.361854512866302
brake:  0.0
velocity sent:  0.0032969041344435845
steer:  0.373726102507949
throttle:  0.361854512866302
brake:  0.0
velocity sent:  0.0032969041344435845
steer:  0.373726102507949
throttle:  0.361854512866302
brake:  0.0
velocity sent:  0.004681270426949835
steer:  0.37372600006814
throttle:  0.361563795944876
brake:  0.0
velocity sent:  0.004681270426949835
steer:  0.37372600006814
throttle:  0.361563795944876
brake:  0.0
velocity sent:  0.0025390505369573485
steer:  0.373725795462816
throttle:  0.362013662121775
brake:  0.0
velocity sent:  0.0025390505369573485
steer:  0.373725795462816
throttle:  0.362013662121775
brake:  0.0
velocity sent:  0.0025390505369573485
steer:  0.373725795462816
throttle:  0.362013662121775
brake:  0.0
velocity sent:  0.0009576224943605443
steer:  0.37372569172169
throttle:  0.36234576201072
brake:  0.0
velocity sent:  0.0009576224943605443
steer:  0.37372569172169
throttle:  0.36234576201072
brake:  0.0
velocity sent:  0.0009353391454483134
steer:  0.373725583624667
throttle:  0.362350441513991
brake:  0.0
velocity sent:  0.0009353391454483134
steer:  0.373725583624667
throttle:  0.362350441513991
brake:  0.0
velocity sent:  0.0009353391454483134
steer:  0.373725583624667
throttle:  0.362350441513991
brake:  0.0
velocity sent:  0.001402619989859529
steer:  0.3737256535602
throttle:  0.362252312536665
brake:  0.0
velocity sent:  0.001402619989859529
steer:  0.3737256535602
throttle:  0.362252312536665
brake:  0.0
velocity sent:  0.001402619989859529
steer:  0.3737256535602
throttle:  0.362252312536665
brake:  0.0
velocity sent:  0.002302458780962358
steer:  0.373725874162022
throttle:  0.362063346390533
brake:  0.0
velocity sent:  0.002302458780962358
steer:  0.373725874162022
throttle:  0.362063346390533
brake:  0.0
velocity sent:  0.002605659856797863
steer:  0.373726148472944
throttle:  0.361999674164608
brake:  0.0
velocity sent:  0.002605659856797863
steer:  0.373726148472944
throttle:  0.361999674164608
brake:  0.0
velocity sent:  0.0016219863895892592
steer:  0.373726364325593
throttle:  0.362206245592722
brake:  0.0
velocity sent:  0.0016219863895892592
steer:  0.373726364325593
throttle:  0.362206245592722
brake:  0.0
velocity sent:  0.0016219863895892592
steer:  0.373726364325593
throttle:  0.362206245592722
brake:  0.0
velocity sent:  0.0008932630437778551
steer:  0.37372650905645
throttle:  0.362359277495342
brake:  0.0
velocity sent:  0.0008932630437778551
steer:  0.37372650905645
throttle:  0.362359277495342
brake:  0.0
velocity sent:  0.0034226211996724494
steer:  0.373726544107534
throttle:  0.361828112282604
brake:  0.0
velocity sent:  0.0034226211996724494
steer:  0.373726544107534
throttle:  0.361828112282604
brake:  0.0
velocity sent:  0.0034226211996724494
steer:  0.373726544107534
throttle:  0.361828112282604
brake:  0.0
velocity sent:  0.003079851936337365
steer:  0.37372639801988
throttle:  0.361900093827905
brake:  0.0
velocity sent:  0.003079851936337365
steer:  0.37372639801988
throttle:  0.361900093827905
brake:  0.0
velocity sent:  0.00515207596537501
steer:  0.373726305359646
throttle:  0.361464926781807
brake:  0.0
velocity sent:  0.00515207596537501
steer:  0.373726305359646
throttle:  0.361464926781807
brake:  0.0
velocity sent:  0.0010686989733687544
steer:  0.373726077632945
throttle:  0.362322435950128
brake:  0.0
velocity sent:  0.0010686989733687544
steer:  0.373726077632945
throttle:  0.362322435950128
brake:  0.0
velocity sent:  0.0010686989733687544
steer:  0.373726077632945
throttle:  0.362322435950128
brake:  0.0
velocity sent:  0.0023219180221170574
steer:  0.373725971630553
throttle:  0.362059259949891
brake:  0.0
velocity sent:  0.0023219180221170574
steer:  0.373725971630553
throttle:  0.362059259949891
brake:  0.0
velocity sent:  0.0024726172314647726
steer:  0.373725810502731
throttle:  0.362027613115928
brake:  0.0
velocity sent:  0.0024726172314647726
steer:  0.373725810502731
throttle:  0.362027613115928
brake:  0.0
velocity sent:  0.0024726172314647726
steer:  0.373725810502731
throttle:  0.362027613115928
brake:  0.0
velocity sent:  0.0010405672934197506
steer:  0.373725698958066
throttle:  0.362328343602917
brake:  0.0
velocity sent:  0.0010405672934197506
steer:  0.373725698958066
throttle:  0.362328343602917
brake:  0.0
velocity sent:  0.0010405672934197506
steer:  0.373725600247537
throttle:  0.362328343602917
brake:  0.0
velocity sent:  0.0007521314058151036
steer:  0.373725600247537
throttle:  0.362388915139314
brake:  0.0
velocity sent:  0.0007521314058151036
steer:  0.373725600247537
throttle:  0.362388915139314
brake:  0.0
velocity sent:  0.0013702658893095779
steer:  0.372027937614115
throttle:  0.362209019419912
brake:  0.0
velocity sent:  0.0013702658893095779
steer:  0.372027906506597
throttle:  0.362258470178592
brake:  0.0
velocity sent:  0.0013702658893095779
steer:  0.372027906506597
throttle:  0.362258470178592
brake:  0.0
velocity sent:  0.002180710572100719
steer:  0.372028127560691
throttle:  0.362088276795206
brake:  0.0
velocity sent:  0.002180710572100719
steer:  0.372028127560691
throttle:  0.362088276795206
brake:  0.0
velocity sent:  0.0025503552143763693
steer:  0.372028379031837
throttle:  0.362010651420328
brake:  0.0
velocity sent:  0.0025503552143763693
steer:  0.372028379031837
throttle:  0.362010651420328
brake:  0.0
velocity sent:  0.0015932392162604063
steer:  0.372028593301551
throttle:  0.362211645779932
brake:  0.0
velocity sent:  0.0015932392162604063Error: No spirals generated 
Error: No spirals generated 
Error: No spirals generated 
Error: No spirals generated 
Error: No spirals generated 
Error: No spirals generated 
Error: No spirals generated 
Error: No spirals generated 
Error: No spirals generated 
Error: No spirals generated 
Error: No spirals generated 
Error: No spirals generated 
Error: No spirals generated 
Error: No spirals generated 
Error: No spirals generated 
Error: No spirals generated 
Error: No spirals generated 
Error: No spirals generated 
Error: No spirals generated 
Error: No spirals generated 
Error: No spirals generated 
Error: No spirals generated 
Error: No spirals generated 
Error: No spirals generated 
Error: No spirals generated 
Error: No spirals generated 
Error: No spirals generated 
Error: No spirals generated 
Error: No spirals generated 
Error: No spirals generated 
Error: No spirals generated 
Error: No spirals generated 
Error: No spirals generated 
Error: No spirals generated 
Error: No spirals generated 
Error: No spirals generated 
Error: No spirals generated 
Error: No spirals generated 
Error: No spirals generated 
Error: No spirals generated 
Error: No spirals generated 
Error: No spirals generated 
Error: No spirals generated 
Error: No spirals generated 
Error: No spirals generated 
Error: No spirals generated 
Error: No spirals generated 
Error: No spirals generated 
Error: No spirals generated 
Error: No spirals generated 
Error: No spirals generated 
Error: No spirals generated 
Error: No spirals generated 
Error: No spirals generated 
Error: No spirals generated 
Error: No spirals generated 
Error: No spirals generated 
Error: No spirals generated 
Error: No spirals generated 
Error: No spirals generated 
Error: No spirals generated 
Error: No spirals generated 
Error: No spirals generated 
Error: No spirals generated 
Error: No spirals generated 
Error: No spirals generated 
Error: No spirals generated 
Error: No spirals generated 
Error: No spirals generated 
Error: No spirals generated 
Error: No spirals generated 
Error: No spirals generated 
Error: No spirals generated 
Error: No spirals generated 
Error: No spirals generated 
Error: No spirals generated 

steer:  0.372028593301551
throttle:  0.362211645779932
brake:  0.0
velocity sent:  0.0015932392162604063
steer:  0.372028593301551
throttle:  0.362211645779932
brake:  0.0
velocity sent:  0.0016780399204229337
steer:  0.372028689524354
throttle:  0.362193837632058
brake:  0.0
velocity sent:  0.0016780399204229337
steer:  0.372028689524354
throttle:  0.362193837632058
brake:  0.0
velocity sent:  0.0061887750060531784
steer:  0.372028753409672
throttle:  0.361246583264076
brake:  0.0
velocity sent:  0.0061887750060531784
steer:  0.372028753409672
throttle:  0.361246583264076
brake:  0.0
velocity sent:  0.0061887750060531784
steer:  0.372028753409672
throttle:  0.361246583264076
brake:  0.0
velocity sent:  0.003284732256458237
steer:  0.372028577753753
throttle:  0.361856432241491
brake:  0.0
velocity sent:  0.003284732256458237
steer:  0.372028577753753
throttle:  0.361856432241491
brake:  0.0
velocity sent:  0.005171847164029085
steer:  0.372028475425236
throttle:  0.361460138110901
brake:  0.0
velocity sent:  0.005171847164029085
steer:  0.372028475425236
throttle:  0.361460138110901
brake:  0.0
velocity sent:  0.005171847164029085
steer:  0.372028475425236
throttle:  0.361460138110901
brake:  0.0
velocity sent:  0.0024821431117527507
steer:  0.372028220617719
throttle:  0.362024975961879
brake:  0.0
velocity sent:  0.0024821431117527507
steer:  0.372028220617719
throttle:  0.362024975961879
brake:  0.0
velocity sent:  0.0024821431117527507
steer:  0.372028220617719
throttle:  0.362024975961879
brake:  0.0
velocity sent:  0.0038045758866539652
steer:  0.372028135590373
throttle:  0.36174726507915
brake:  0.0
velocity sent:  0.0038045758866539652
steer:  0.372028135590373
throttle:  0.36174726507915
brake:  0.0
velocity sent:  0.00110283371622455
steer:  0.372027981925025
throttle:  0.36231463093494
brake:  0.0
velocity sent:  0.00110283371622455
steer:  0.372027981925025
throttle:  0.36231463093494
brake:  0.0
velocity sent:  0.00110283371622455
steer:  0.372027981925025
throttle:  0.36231463093494
brake:  0.0
velocity sent:  0.0008057697958353946
steer:  0.372027891355431
throttle:  0.362377014358222
brake:  0.0
velocity sent:  0.0008057697958353946
steer:  0.372027891355431
throttle:  0.362377014358222
brake:  0.0
velocity sent:  0.000779708234716409
steer:  0.372027871284881
throttle:  0.362382487286057
brake:  0.0
velocity sent:  0.000779708234716409
steer:  0.372027871284881
throttle:  0.362382487286057
brake:  0.0
velocity sent:  0.002122000807723116
steer:  0.372028043549101
throttle:  0.362100605845725
brake:  0.0
velocity sent:  0.002122000807723116
steer:  0.372028043549101
throttle:  0.362100605845725
brake:  0.0
velocity sent:  0.002378372087533534
steer:  0.372028285352052
throttle:  0.362046767876965
brake:  0.0
velocity sent:  0.002378372087533534
steer:  0.372028285352052
throttle:  0.362046767876965
brake:  0.0
velocity sent:  0.002378372087533534
steer:  0.372028285352052
throttle:  0.362046767876965
brake:  0.0
velocity sent:  0.0005565814473227097
steer:  0.372028398309037
throttle:  0.362429343911409
brake:  0.0
velocity sent:  0.0005565814473227097
steer:  0.372028398309037
throttle:  0.362429343911409
brake:  0.0
velocity sent:  0.0005565814473227097
steer:  0.372028398309037
throttle:  0.362429343911409
brake:  0.0
velocity sent:  0.0008320403591688315
steer:  0.372028431324942
throttle:  0.362371497539922
brake:  0.0
velocity sent:  0.0008320403591688315
steer:  0.372028431324942
throttle:  0.362371497539922
brake:  0.0
velocity sent:  0.005781494541355573
steer:  0.372028450435316
throttle:  0.361332112161662
brake:  0.0
velocity sent:  0.005781494541355573
steer:  0.372028450435316
throttle:  0.361332112161662
brake:  0.0
velocity sent:  0.005781494541355573
steer:  0.372028450435316
throttle:  0.361332112161662
brake:  0.0
velocity sent:  0.002036015323068189
steer:  0.372028258382513
throttle:  0.362118662797503
brake:  0.0
velocity sent:  0.002036015323068189
steer:  0.372028258382513
throttle:  0.362118662797503
brake:  0.0
velocity sent:  0.0037020787459105943
steer:  0.372028170641544
throttle:  0.361768789478706
brake:  0.0
velocity sent:  0.0037020787459105943
steer:  0.372028170641544
throttle:  0.361768789478706
brake:  0.0
velocity sent:  0.0037020787459105943
steer:  0.372028170641544
throttle:  0.361768789478706
brake:  0.0
velocity sent:  0.0015379459391975543
steer:  0.372028038233062
throttle:  0.362223257368116
brake:  0.0
velocity sent:  0.0015379459391975543
steer:  0.372028038233062
throttle:  0.362223257368116
brake:  0.0
velocity sent:  0.0008323722696583513
steer:  0.372027946306668
throttle:  0.362371427838719
brake:  0.0
velocity sent:  0.0008323722696583513
steer:  0.372027946306668
throttle:  0.362371427838719
brake:  0.0
velocity sent:  0.0008323722696583513
steer:  0.372027946306668
throttle:  0.362371427838719
brake:  0.0
velocity sent:  0.0005926313958651498
steer:  0.372027869587041
throttle:  0.362421773422215
brake:  0.0
velocity sent:  0.0005926313958651498
steer:  0.372027869587041
throttle:  0.362421773422215
brake:  0.0
velocity sent:  0.0014272643763541687
steer:  0.372027917528039
throttle:  0.362246500496313
brake:  0.0
velocity sent:  0.0014272643763541687
steer:  0.372027917528039
throttle:  0.362246500496313
brake:  0.0
velocity sent:  0.0014272643763541687
steer:  0.372027917528039
throttle:  0.362246500496313
brake:  0.0
velocity sent:  0.002501199182279982
steer:  0.372028148420873
throttle:  0.362020974187068
brake:  0.0
velocity sent:  0.002501199182279982
steer:  0.372028148420873
throttle:  0.362020974187068
brake:  0.0
velocity sent:  0.002501199182279982
steer:  0.372028148420873
throttle:  0.362020974187068
brake:  0.0
velocity sent:  0.0
steer:  0.372028148420873
throttle:  0.362546226015347
brake:  0.0
velocity sent:  0.0
steer:  0.372028148420873
throttle:  0.362546226015347
brake:  0.0
velocity sent:  0.005551426936186122
steer:  0.372028343128061
throttle:  0.361380426358748
brake:  0.0
velocity sent:  0.005551426936186122
steer:  0.372028343128061
throttle:  0.361380426358748
brake:  0.0
velocity sent:  0.0024807829992555814
steer:  0.372028223950472
throttle:  0.362025261585503
brake:  0.0
velocity sent:  0.0024807829992555814
steer:  0.372028223950472
throttle:  0.362025261585503
brake:  0.0
velocity sent:  0.0024807829992555814
steer:  0.370330478188009
throttle:  0.362023773115704
brake:  0.0
velocity sent:  0.0036983098351587146
steer:  0.370330430020933
throttle:  0.361768092480164
brake:  0.0
velocity sent:  0.0036983098351587146
steer:  0.370330430020933
throttle:  0.361768092480164
brake:  0.0
velocity sent:  0.0036983098351587146
steer:  0.370330430020933
throttle:  0.361768092480164
brake:  0.0
velocity sent:  0.0010117440069585708
steer:  0.37033028981258
throttle:  0.362332271304086
brake:  0.0
velocity sent:  0.0010117440069585708
steer:  0.37033028981258
throttle:  0.362332271304086
brake:  0.0
velocity sent:  0.0019513805421860128
steer:  0.370330237233979
throttle:  0.362134947631688
brake:  0.0
velocity sent:  0.0019513805421860128
steer:  0.370330237233979
throttle:  0.362134947631688
brake:  0.0
velocity sent:  0.0019513805421860128
steer:  0.370330237233979
throttle:  0.362134947631688
brake:  0.0
velocity sent:  0.0007254616066204009
steer:  0.370330139201881
throttle:  0.362392390608157
brake:  0.0
velocity sent:  0.0007254616066204009
steer:  0.370330139201881
throttle:  0.362392390608157
brake:  0.0
velocity sent:  0.00047216076551789463
steer:  0.370330088547233
throttle:  0.362445583784789
brake:  0.0
velocity sent:  0.00047216076551789463
steer:  0.370330088547233
throttle:  0.362445583784789
brake:  0.0
velocity sent:  0.0014172628818049581
steer:  0.370330145759847
throttle:  0.362247112340368
brake:  0.0
velocity sent:  0.0014172628818049581
steer:  0.370330145759847
throttle:  0.362247112340368
brake:  0.0
velocity sent: Error: No spirals generated 
Error: No spirals generated 
Error: No spirals generated 
Error: No spirals generated 
Error: No spirals generated 
Error: No spirals generated 
Error: No spirals generated 
Error: No spirals generated 
Error: No spirals generated 
Error: No spirals generated 
Error: No spirals generated 
Error: No spirals generated 
Error: No spirals generated 
Error: No spirals generated 
Error: No spirals generated 
Error: No spirals generated 
Error: No spirals generated 
Error: No spirals generated 
Error: No spirals generated 
Error: No spirals generated 
Error: No spirals generated 
Error: No spirals generated 
Error: No spirals generated 
Error: No spirals generated 
Error: No spirals generated 
Error: No spirals generated 
Error: No spirals generated 
Error: No spirals generated 
Error: No spirals generated 
Error: No spirals generated 
Error: No spirals generated 
Error: No spirals generated 
Error: No spirals generated 
Error: No spirals generated 
Error: No spirals generated 
Error: No spirals generated 
Error: No spirals generated 
Error: No spirals generated 
Error: No spirals generated 
Error: No spirals generated 
Error: No spirals generated 
Error: No spirals generated 
Error: No spirals generated 
Error: No spirals generated 
Error: No spirals generated 
Error: No spirals generated 
Error: No spirals generated 
Error: No spirals generated 
Error: No spirals generated 
Error: No spirals generated 
Error: No spirals generated 
Error: No spirals generated 
Error: No spirals generated 
Error: No spirals generated 
Error: No spirals generated 
Error: No spirals generated 
Error: No spirals generated 
Error: No spirals generated 
Error: No spirals generated 
Error: No spirals generated 
Error: No spirals generated 
Error: No spirals generated 
Error: No spirals generated 
Error: No spirals generated 
Error: No spirals generated 
Error: No spirals generated 
Error: No spirals generated 
Error: No spirals generated 
Error: No spirals generated 
Error: No spirals generated 
Error: No spirals generated 
Error: No spirals generated 
Error: No spirals generated 
Error: No spirals generated 
Error: No spirals generated 
Error: No spirals generated 
 0.0014172628818049581
steer:  0.370330145759847
throttle:  0.362247112340368
brake:  0.0
velocity sent:  0.0025947554812779015
steer:  0.370330359748077
throttle:  0.361999838894479
brake:  0.0
velocity sent:  0.0025947554812779015
steer:  0.370330359748077
throttle:  0.361999838894479
brake:  0.0
velocity sent:  0.0027199232891540115
steer:  0.370330620998699
throttle:  0.361973553654825
brake:  0.0
velocity sent:  0.0027199232891540115
steer:  0.370330620998699
throttle:  0.361973553654825
brake:  0.0
velocity sent:  0.0027199232891540115
steer:  0.370330620998699
throttle:  0.361973553654825
brake:  0.0
velocity sent:  0.0020494512094355946
steer:  0.370330876313981
throttle:  0.362114352791566
brake:  0.0
velocity sent:  0.0020494512094355946
steer:  0.370330876313981
throttle:  0.362114352791566
brake:  0.0
velocity sent:  0.0009624201274500389
steer:  0.370330928099154
throttle:  0.362342629318783
brake:  0.0
velocity sent:  0.0009624201274500389
steer:  0.370330928099154
throttle:  0.362342629318783
brake:  0.0
velocity sent:  0.0031403296786567552
steer:  0.37033093352642
throttle:  0.36188526831303
brake:  0.0
velocity sent:  0.0031403296786567552
steer:  0.37033093352642
throttle:  0.36188526831303
brake:  0.0
velocity sent:  0.0031403296786567552
steer:  0.37033093352642
throttle:  0.36188526831303
brake:  0.0
velocity sent:  0.00270597646231743
steer:  0.370330781559185
throttle:  0.361976482488461
brake:  0.0
velocity sent:  0.00270597646231743
steer:  0.370330781559185
throttle:  0.361976482488461
brake:  0.0
velocity sent:  0.00270597646231743
steer:  0.370330781559185
throttle:  0.361976482488461
brake:  0.0
velocity sent:  0.004166229673713265
steer:  0.370330712417093
throttle:  0.361669829314068
brake:  0.0
velocity sent:  0.004166229673713265
steer:  0.370330712417093
throttle:  0.361669829314068
brake:  0.0
velocity sent:  0.003543296379966237
steer:  0.370330475926644
throttle:  0.361800645305755
brake:  0.0
velocity sent:  0.003543296379966237
steer:  0.370330475926644
throttle:  0.361800645305755
brake:  0.0
velocity sent:  0.003543296379966237
steer:  0.370330475926644
throttle:  0.361800645305755
brake:  0.0
velocity sent:  0.0049412371649736496
steer:  0.370330408764098
throttle:  0.361507077740903
brake:  0.0
velocity sent:  0.0049412371649736496
steer:  0.370330408764098
throttle:  0.361507077740903
brake:  0.0
velocity sent:  0.0008479876939662332
steer:  0.370330397853925
throttle:  0.362366660129815
brake:  0.0
velocity sent:  0.0008479876939662332
steer:  0.370330397853925
throttle:  0.362366660129815
brake:  0.0
velocity sent:  0.0019616601188911756
steer:  0.370330548916795
throttle:  0.36213278892058
brake:  0.0
velocity sent:  0.0019616601188911756
steer:  0.370330548916795
throttle:  0.36213278892058
brake:  0.0
velocity sent:  0.0019616601188911756
steer:  0.370330548916795
throttle:  0.36213278892058
brake:  0.0
velocity sent:  0.0023656507401798002
steer:  0.370330767201396
throttle:  0.36204795089011
brake:  0.0
velocity sent:  0.0023656507401798002
steer:  0.370330767201396
throttle:  0.36204795089011
brake:  0.0
velocity sent:  0.0022814599325688485
steer:  0.370330907239034
throttle:  0.362065630959708
brake:  0.0
velocity sent:  0.0022814599325688485
steer:  0.370330907239034
throttle:  0.362065630959708
brake:  0.0
velocity sent:  0.0022814599325688485
steer:  0.370330907239034
throttle:  0.362065630959708
brake:  0.0
velocity sent:  0.004882008308881636
steer:  0.370330988028967
throttle:  0.361519515800682
brake:  0.0
velocity sent:  0.004882008308881636
steer:  0.370330988028967
throttle:  0.361519515800682
brake:  0.0
velocity sent:  0.0020478710291262667
steer:  0.370330850534458
throttle:  0.362114684629431
brake:  0.0
velocity sent:  0.0020478710291262667
steer:  0.370330850534458
throttle:  0.362114684629431
brake:  0.0
velocity sent:  0.0012191284335369371
steer:  0.370330760643444
throttle:  0.362288720574505
brake:  0.0
velocity sent:  0.0012191284335369371
steer:  0.370330760643444
throttle:  0.362288720574505
brake:  0.0
velocity sent:  0.0012191284335369371
steer:  0.370330760643444
throttle:  0.362288720574505
brake:  0.0
velocity sent:  0.0031403070022774653
steer:  0.370330597480515
throttle:  0.361885273075069
brake:  0.0
velocity sent:  0.0031403070022774653
steer:  0.370330597480515
throttle:  0.361885273075069
brake:  0.0
velocity sent:  0.0031403070022774653
steer:  0.370330597480515
throttle:  0.361885273075069
brake:  0.0
velocity sent:  0.003612577694928405
steer:  0.370330501709885
throttle:  0.361786096229613
brake:  0.0
velocity sent:  0.003612577694928405
steer:  0.370330501709885
throttle:  0.361786096229613
brake:  0.0
velocity sent:  0.003612577694928405
steer:  0.370330501709885
throttle:  0.361786096229613
brake:  0.0
velocity sent:  0.0010837776875696247
steer:  0.370330369134578
throttle:  0.362317144231158
brake:  0.0
velocity sent:  0.0010837776875696247
steer:  0.370330369134578
throttle:  0.362317144231158
brake:  0.0
velocity sent:  0.003832854228559116
steer:  0.370330300611519
throttle:  0.36173983815755
brake:  0.0
velocity sent:  0.003832854228559116
steer:  0.370330300611519
throttle:  0.36173983815755
brake:  0.0
velocity sent:  0.003832854228559116
steer:  0.370330300611519
throttle:  0.36173983815755
brake:  0.0
velocity sent:  0.0011091532984083383
steer:  0.370330298409427
throttle:  0.362311815352882
brake:  0.0
velocity sent:  0.0011091532984083383
steer:  0.368632551148809
throttle:  0.362311149860903
brake:  0.0
velocity sent:  0.002235650614075459
steer:  0.368632757785702
throttle:  0.362074585424613
brake:  0.0
velocity sent:  0.002235650614075459
steer:  0.368632757785702
throttle:  0.362074585424613
brake:  0.0
velocity sent:  0.002235650614075459
steer:  0.368632757785702
throttle:  0.362074585424613
brake:  0.0
velocity sent:  0.00270708588332018
steer:  0.368633018754493
throttle:  0.361975584018071
brake:  0.0
velocity sent:  0.00270708588332018
steer:  0.368633018754493
throttle:  0.361975584018071
brake:  0.0
velocity sent:  0.0023446055740902164
steer:  0.368633267285621
throttle:  0.36205170488301
brake:  0.0
velocity sent:  0.0023446055740902164
steer:  0.368633267285621
throttle:  0.36205170488301
brake:  0.0
velocity sent:  0.0023446055740902164
steer:  0.368633267285621
throttle:  0.36205170488301
brake:  0.0
velocity sent:  0.003257278395322648
steer:  0.368633337558332
throttle:  0.361860043590551
brake:  0.0
velocity sent:  0.003257278395322648
steer:  0.368633337558332
throttle:  0.361860043590551
brake:  0.0
velocity sent:  0.0022289819681862062
steer:  0.368633261065
throttle:  0.362075985840249
brake:  0.0
velocity sent:  0.0022289819681862062
steer:  0.368633261065
throttle:  0.362075985840249
brake:  0.0
velocity sent:  0.0022289819681862062
steer:  0.368633261065
throttle:  0.362075985840249
brake:  0.0
velocity sent:  0.004494724935589566
steer:  0.368633183385378
throttle:  0.361600179817095
brake:  0.0
velocity sent:  0.004494724935589566
steer:  0.368633183385378
throttle:  0.361600179817095
brake:  0.0
velocity sent:  0.002283317696112717
steer:  0.3686329522111
throttle:  0.362064575337385
brake:  0.0
velocity sent:  0.002283317696112717
steer:  0.3686329522111
throttle:  0.362064575337385
brake:  0.0
velocity sent:  0.002283317696112717
steer:  0.3686329522111
throttle:  0.362064575337385
brake:  0.0
velocity sent:  0.004187058140295599
steer:  0.368632841912157
throttle:  0.361664789844106
brake:  0.0
velocity sent:  0.004187058140295599
steer:  0.368632841912157
throttle:  0.361664789844106
brake:  0.0
velocity sent:  0.0011761991064931537
steer:  0.368632687060583
throttle:  0.362297070241205
brake:  0.0
velocity sent:  0.0011761991064931537
steer:  0.368632687060583
throttle:  0.362297070241205
brake:  0.0
velocity sent:  0.0011761991064931537
steer:  0.368632687060583
throttle:  0.362297070241205
brake: Error: No spirals generated 
Error: No spirals generated 
Error: No spirals generated 
Error: No spirals generated 
Error: No spirals generated 
Error: No spirals generated 
Error: No spirals generated 
Error: No spirals generated 
Error: No spirals generated 
Error: No spirals generated 
Error: No spirals generated 
Error: No spirals generated 
Error: No spirals generated 
Error: No spirals generated 
Error: No spirals generated 
Error: No spirals generated 
Error: No spirals generated 
Error: No spirals generated 
Error: No spirals generated 
Error: No spirals generated 
Error: No spirals generated 
Error: No spirals generated 
Error: No spirals generated 
Error: No spirals generated 
Error: No spirals generated 
Error: No spirals generated 
Error: No spirals generated 
Error: No spirals generated 
Error: No spirals generated 
Error: No spirals generated 
Error: No spirals generated 
Error: No spirals generated 
Error: No spirals generated 
Error: No spirals generated 
Error: No spirals generated 
Error: No spirals generated 
Error: No spirals generated 
Error: No spirals generated 
Error: No spirals generated 
Error: No spirals generated 
Error: No spirals generated 
Error: No spirals generated 
Error: No spirals generated 
Error: No spirals generated 
Error: No spirals generated 
Error: No spirals generated 
Error: No spirals generated 
Error: No spirals generated 
Error: No spirals generated 
Error: No spirals generated 
Error: No spirals generated 
Error: No spirals generated 
Error: No spirals generated 
Error: No spirals generated 
Error: No spirals generated 
Error: No spirals generated 
Error: No spirals generated 
Error: No spirals generated 
Error: No spirals generated 
Error: No spirals generated 
Error: No spirals generated 
Error: No spirals generated 
Error: No spirals generated 
Error: No spirals generated 
Error: No spirals generated 
Error: No spirals generated 
Error: No spirals generated 
Error: No spirals generated 
Error: No spirals generated 
Error: No spirals generated 
Error: No spirals generated 
Error: No spirals generated 
Error: No spirals generated 
Error: No spirals generated 
Error: No spirals generated 
Error: No spirals generated 
 0.0
velocity sent:  0.0011091857342580313
steer:  0.368632571274972
throttle:  0.362311143049374
brake:  0.0
velocity sent:  0.0011091857342580313
steer:  0.368632571274972
throttle:  0.362311143049374
brake:  0.0
velocity sent:  0.0011091857342580313
steer:  0.368632571274972
throttle:  0.362311143049374
brake:  0.0
velocity sent:  0.000813539112317511
steer:  0.368632552335113
throttle:  0.362373228839982
brake:  0.0
velocity sent:  0.000813539112317511
steer:  0.368632552335113
throttle:  0.362373228839982
brake:  0.0
velocity sent:  0.0021705573817114715
steer:  0.368632723750317
throttle:  0.362088255003409
brake:  0.0
velocity sent:  0.0021705573817114715
steer:  0.368632723750317
throttle:  0.362088255003409
brake:  0.0
velocity sent:  0.0021705573817114715
steer:  0.368632723750317
throttle:  0.362088255003409
brake:  0.0
velocity sent:  0.002529028226548575
steer:  0.368632967362233
throttle:  0.362012976125993
brake:  0.0
velocity sent:  0.002529028226548575
steer:  0.368632967362233
throttle:  0.362012976125993
brake:  0.0
velocity sent:  0.0018070002274908309
steer:  0.368633197405817
throttle:  0.362164602005795
brake:  0.0
velocity sent:  0.0018070002274908309
steer:  0.368633197405817
throttle:  0.362164602005795
brake:  0.0
velocity sent:  0.0018070002274908309
steer:  0.368633197405817
throttle:  0.362164602005795
brake:  0.0
velocity sent:  0.0027703290015604746
steer:  0.368633226577372
throttle:  0.361962302963241
brake:  0.0
velocity sent:  0.0027703290015604746
steer:  0.368633226577372
throttle:  0.361962302963241
brake:  0.0
velocity sent:  0.0051660460761286135
steer:  0.36863324302971
throttle:  0.361459202377581
brake:  0.0
velocity sent:  0.0051660460761286135
steer:  0.36863324302971
throttle:  0.361459202377581
brake:  0.0
velocity sent:  0.0051660460761286135
steer:  0.36863324302971
throttle:  0.361459202377581
brake:  0.0
velocity sent:  0.0031522766483816386
steer:  0.368633020956529
throttle:  0.361882093957408
brake:  0.0
velocity sent:  0.0031522766483816386
steer:  0.368633020956529
throttle:  0.361882093957408
brake:  0.0
velocity sent:  0.004653028207601128
steer:  0.368632924678074
throttle:  0.361566936129972
brake:  0.0
velocity sent:  0.004653028207601128
steer:  0.368632924678074
throttle:  0.361566936129972
brake:  0.0
velocity sent:  0.004653028207601128
steer:  0.368632924678074
throttle:  0.361566936129972
brake:  0.0
velocity sent:  0.0013157968486195856
steer:  0.368632772484573
throttle:  0.362267754715358
brake:  0.0
velocity sent:  0.0013157968486195856
steer:  0.368632772484573
throttle:  0.362267754715358
brake:  0.0
velocity sent:  0.002324205288092822
steer:  0.368632679824213
throttle:  0.362055988943069
brake:  0.0
velocity sent:  0.002324205288092822
steer:  0.368632679824213
throttle:  0.362055988943069
brake:  0.0
velocity sent:  0.002324205288092822
steer:  0.368632679824213
throttle:  0.362055988943069
brake:  0.0
velocity sent:  0.0005103734164925002
steer:  0.368632636235467
throttle:  0.362436893636105
brake:  0.0
velocity sent:  0.0005103734164925002
steer:  0.368632636235467
throttle:  0.362436893636105
brake:  0.0
velocity sent:  0.001959566441218211
steer:  0.368632777177827
throttle:  0.362132563100913
brake:  0.0
velocity sent:  0.001959566441218211
steer:  0.368632777177827
throttle:  0.362132563100913
brake:  0.0
velocity sent:  0.001959566441218211
steer:  0.368632777177827
throttle:  0.362132563100913
brake:  0.0
velocity sent:  0.0024453205139208555
steer:  0.368632994839652
throttle:  0.362030554745645
brake:  0.0
velocity sent:  0.0024453205139208555
steer:  0.368632994839652
throttle:  0.362030554745645
brake:  0.0
velocity sent:  0.0017183799879937436
steer:  0.368633214084292
throttle:  0.36218321225609
brake:  0.0
velocity sent:  0.0017183799879937436
steer:  0.368633214084292
throttle:  0.36218321225609
brake:  0.0
velocity sent:  0.0017183799879937436
steer:  0.368633214084292
throttle:  0.36218321225609
brake:  0.0
velocity sent:  0.0008572343473236736
steer:  0.368633263552496
throttle:  0.362364052840631
brake:  0.0
velocity sent:  0.0008572343473236736
steer:  0.368633263552496
throttle:  0.362364052840631
brake:  0.0
velocity sent:  0.006320189125137312
steer:  0.368633280401512
throttle:  0.36121683233729
brake:  0.0
velocity sent:  0.006320189125137312
steer:  0.368633280401512
throttle:  0.36121683233729
brake:  0.0
velocity sent:  0.006320189125137312
steer:  0.368633280401512
throttle:  0.36121683233729
brake:  0.0
velocity sent:  0.0010418476639236485
steer:  0.368633060534097
throttle:  0.362325284044144
brake:  0.0
velocity sent:  0.0010418476639236485
steer:  0.366935317518357
throttle:  0.362324658935546
brake:  0.0
velocity sent:  0.0010418476639236485
steer:  0.366935317518357
throttle:  0.362324658935546
brake:  0.0
velocity sent:  0.004889643151647448
steer:  0.366935226722781
throttle:  0.361516621883124
brake:  0.0
velocity sent:  0.004889643151647448
steer:  0.366935226722781
throttle:  0.361516621883124
brake:  0.0
velocity sent:  0.0016426440726645239
steer:  0.366934992211924
throttle:  0.362198491689711
brake:  0.0
velocity sent:  0.0016426440726645239
steer:  0.366934992211924
throttle:  0.362198491689711
brake:  0.0
velocity sent:  0.0016426440726645239
steer:  0.366934992211924
throttle:  0.362198491689711
brake:  0.0
velocity sent:  0.0011410220530017536
steer:  0.366934893104825
throttle:  0.36230383231384
brake:  0.0
velocity sent:  0.0011410220530017536
steer:  0.366934893104825
throttle:  0.36230383231384
brake:  0.0
velocity sent:  0.0011410220530017536
steer:  0.366934893104825
throttle:  0.36230383231384
brake:  0.0
velocity sent:  0.0010918767069746968
steer:  0.366934768726012
throttle:  0.362314152836505
brake:  0.0
velocity sent:  0.0010918767069746968
steer:  0.366934768726012
throttle:  0.362314152836505
brake:  0.0
velocity sent:  0.0002392123457332278
steer:  0.366934711342906
throttle:  0.362493212352366
brake:  0.0
velocity sent:  0.0002392123457332278
steer:  0.366934711342906
throttle:  0.362493212352366
brake:  0.0
velocity sent:  0.0019482330818399664
steer:  0.366934839395547
throttle:  0.362134317997784
brake:  0.0
velocity sent:  0.0019482330818399664
steer:  0.366934839395547
throttle:  0.362134317997784
brake:  0.0
velocity sent:  0.0019482330818399664
steer:  0.366934839395547
throttle:  0.362134317997784
brake:  0.0
velocity sent:  0.002534342159251355
steer:  0.366935090470062
throttle:  0.362011235091527
brake:  0.0
velocity sent:  0.002534342159251355
steer:  0.366935090470062
throttle:  0.362011235091527
brake:  0.0
velocity sent:  0.002534342159251355
steer:  0.366935090470062
throttle:  0.362011235091527
brake:  0.0
velocity sent:  0.0020759207356860023
steer:  0.366935351720525
throttle:  0.362107503590476
brake:  0.0
velocity sent:  0.0020759207356860023
steer:  0.366935351720525
throttle:  0.362107503590476
brake:  0.0
velocity sent:  0.002190421198653859
steer:  0.366935466827562
throttle:  0.362083458493253
brake:  0.0
velocity sent:  0.002190421198653859
steer:  0.366935466827562
throttle:  0.362083458493253
brake:  0.0
velocity sent:  0.002190421198653859
steer:  0.366935466827562
throttle:  0.362083458493253
brake:  0.0
velocity sent:  0.002403809171727287
steer:  0.366935375238687
throttle:  0.362038647018907
brake:  0.0
velocity sent:  0.002403809171727287
steer:  0.366935375238687
throttle:  0.362038647018907
brake:  0.0
velocity sent:  0.004851328304956795
steer:  0.366935320287593
throttle:  0.361524668000929
brake:  0.0
velocity sent:  0.004851328304956795
steer:  0.366935320287593
throttle:  0.361524668000929
brake:  0.0
velocity sent:  0.004851328304956795
steer:  0.366935320287593
throttle:  0.361524668000929
brake:  0.0
velocity sent:  0.0008599755648679864
steer:  0.366935126540668
throttle:  0.362362852076348
brake:  0.0
velocity sent:  0.0008599755648679864
steer:  0.366935126540668Error: No spirals generated 
Error: No spirals generated 
Error: No spirals generated 
Error: No spirals generated 
Error: No spirals generated 
Error: No spirals generated 
Error: No spirals generated 
Error: No spirals generated 
Error: No spirals generated 
Error: No spirals generated 
Error: No spirals generated 
Error: No spirals generated 
Error: No spirals generated 
Error: No spirals generated 
Error: No spirals generated 
Error: No spirals generated 
Error: No spirals generated 
Error: No spirals generated 
Error: No spirals generated 
Error: No spirals generated 
Error: No spirals generated 
Error: No spirals generated 
Error: No spirals generated 
Error: No spirals generated 
Error: No spirals generated 
Error: No spirals generated 
Error: No spirals generated 
Error: No spirals generated 
Error: No spirals generated 
Error: No spirals generated 
Error: No spirals generated 
Error: No spirals generated 
Error: No spirals generated 
Error: No spirals generated 
Error: No spirals generated 
Error: No spirals generated 
Error: No spirals generated 
Error: No spirals generated 
Error: No spirals generated 
Error: No spirals generated 
Error: No spirals generated 
Error: No spirals generated 
Error: No spirals generated 
Error: No spirals generated 
Error: No spirals generated 
Error: No spirals generated 
Error: No spirals generated 
Error: No spirals generated 
Error: No spirals generated 
Error: No spirals generated 
Error: No spirals generated 
Error: No spirals generated 
Error: No spirals generated 
Error: No spirals generated 
Error: No spirals generated 
Error: No spirals generated 
Error: No spirals generated 
Error: No spirals generated 
Error: No spirals generated 
Error: No spirals generated 
Error: No spirals generated 
Error: No spirals generated 
Error: No spirals generated 
Error: No spirals generated 
Error: No spirals generated 
Error: No spirals generated 
Error: No spirals generated 
Error: No spirals generated 
Error: No spirals generated 
Error: No spirals generated 
Error: No spirals generated 
Error: No spirals generated 
Error: No spirals generated 
Error: No spirals generated 
Error: No spirals generated 

throttle:  0.362362852076348
brake:  0.0
velocity sent:  0.0019355811527916223
steer:  0.366935027659741
throttle:  0.362136974902884
brake:  0.0
velocity sent:  0.0019355811527916223
steer:  0.366935027659741
throttle:  0.362136974902884
brake:  0.0
velocity sent:  0.0019355811527916223
steer:  0.366935027659741
throttle:  0.362136974902884
brake:  0.0
velocity sent:  0.0010175806800733827
steer:  0.366934916964069
throttle:  0.362329755002155
brake:  0.0
velocity sent:  0.0010175806800733827
steer:  0.366934916964069
throttle:  0.362329755002155
brake:  0.0
velocity sent:  0.0009252834526235844
steer:  0.366934821475132
throttle:  0.362349137419919
brake:  0.0
velocity sent:  0.0009252834526235844
steer:  0.366934821475132
throttle:  0.362349137419919
brake:  0.0
velocity sent:  0.0009252834526235844
steer:  0.366934821475132
throttle:  0.362349137419919
brake:  0.0
velocity sent:  0.0011368741166105562
steer:  0.366934848837667
throttle:  0.362304703380482
brake:  0.0
velocity sent:  0.0011368741166105562
steer:  0.366934848837667
throttle:  0.362304703380482
brake:  0.0
velocity sent:  0.002169305579435203
steer:  0.366935040775656
throttle:  0.362087892773289
brake:  0.0
velocity sent:  0.002169305579435203
steer:  0.366935040775656
throttle:  0.362087892773289
brake:  0.0
velocity sent:  0.002169305579435203
steer:  0.366935040775656
throttle:  0.362087892773289
brake:  0.0
velocity sent:  0.002576390086200013
steer:  0.366935293377381
throttle:  0.362002405026868
brake:  0.0
velocity sent:  0.002576390086200013
steer:  0.366935293377381
throttle:  0.362002405026868
brake:  0.0
velocity sent:  0.002576390086200013
steer:  0.3669355214413
throttle:  0.362002405026868
brake:  0.0
velocity sent:  0.0016104669953140721
steer:  0.3669355214413
throttle:  0.362205248875954
brake:  0.0
velocity sent:  0.0016104669953140721
steer:  0.3669355214413
throttle:  0.362205248875954
brake:  0.0
velocity sent:  0.0020226708645338146
steer:  0.366935549482167
throttle:  0.362118686063418
brake:  0.0
velocity sent:  0.0020226708645338146
steer:  0.366935549482167
throttle:  0.362118686063418
brake:  0.0
velocity sent:  0.005217733559161437
steer:  0.366935540662863
throttle:  0.361447722897546
brake:  0.0
velocity sent:  0.005217733559161437
steer:  0.366935540662863
throttle:  0.361447722897546
brake:  0.0
velocity sent:  0.005217733559161437
steer:  0.366935540662863
throttle:  0.361447722897546
brake:  0.0
velocity sent:  0.0014676149871276948
steer:  0.366935331312666
throttle:  0.362235247797673
brake:  0.0
velocity sent:  0.0014676149871276948
steer:  0.366935331312666
throttle:  0.362235247797673
brake:  0.0
velocity sent:  0.0014676149871276948
steer:  0.366935331312666
throttle:  0.362235247797673
brake:  0.0
velocity sent:  0.004845260389887572
steer:  0.366935221858993
throttle:  0.361525942263094
brake:  0.0
velocity sent:  0.004845260389887572
steer:  0.366935221858993
throttle:  0.361525942263094
brake:  0.0
velocity sent:  0.0013936844895624813
steer:  0.366935038062019
throttle:  0.362250773202162
brake:  0.0
velocity sent:  0.0013936844895624813
steer:  0.366935038062019
throttle:  0.362250773202162
brake:  0.0
velocity sent:  0.0013936844895624813
steer:  0.366935038062019
throttle:  0.362250773202162
brake:  0.0
velocity sent:  0.0011726544894007816
steer:  0.366934923295894
throttle:  0.362297189502196
brake:  0.0
velocity sent:  0.0011726544894007816
steer:  0.366934923295894
throttle:  0.362297189502196
brake:  0.0
velocity sent:  0.0011726544894007816
steer:  0.366934923295894
throttle:  0.362297189502196
brake:  0.0
velocity sent:  0.0018924915104693214
steer:  0.36693478930445
throttle:  0.362146023727772
brake:  0.0
velocity sent:  0.0018924915104693214
steer:  0.36693478930445
throttle:  0.362146023727772
brake:  0.0
velocity sent:  0.0009218756232821742
steer:  0.366934779580573
throttle:  0.362349853064081
brake:  0.0
velocity sent:  0.0009218756232821742
steer:  0.365237032082018
throttle:  0.362349299938707
brake:  0.0
velocity sent:  0.0009218756232821742
steer:  0.365237032082018
throttle:  0.362349299938707
brake:  0.0
velocity sent:  0.0022223021118181192
steer:  0.365237240642912
throttle:  0.362076210376114
brake:  0.0
velocity sent:  0.0025053524985242503
steer:  0.365237508621945
throttle:  0.362016769794906
brake:  0.0
velocity sent:  0.0025053524985242503
steer:  0.365237508621945
throttle:  0.362016769794906
brake:  0.0
velocity sent:  0.002303123443168675
steer:  0.365237745505196
throttle:  0.362059237896531
brake:  0.0
velocity sent:  0.002303123443168675
steer:  0.365237745505196
throttle:  0.362059237896531
brake:  0.0
velocity sent:  0.0021519072493470315
steer:  0.365237792541492
throttle:  0.362090993297233
brake:  0.0
velocity sent:  0.0021519072493470315
steer:  0.365237792541492
throttle:  0.362090993297233
brake:  0.0
velocity sent:  0.0021519072493470315
steer:  0.365237792541492
throttle:  0.362090993297233
brake:  0.0
velocity sent:  0.00540984384042085
steer:  0.36523780153134
throttle:  0.361406826613108
brake:  0.0
velocity sent:  0.00540984384042085
steer:  0.36523780153134
throttle:  0.361406826613108
brake:  0.0
velocity sent:  0.0032641041355386453
steer:  0.365237570583277
throttle:  0.361857431951133
brake:  0.0
velocity sent:  0.0032641041355386453
steer:  0.365237570583277
throttle:  0.361857431951133
brake:  0.0
velocity sent:  0.0032641041355386453
steer:  0.365237570583277
throttle:  0.361857431951133
brake:  0.0
velocity sent:  0.004833440388079018
steer:  0.365237504099219
throttle:  0.3615278713381
brake:  0.0
velocity sent:  0.004833440388079018
steer:  0.365237504099219
throttle:  0.3615278713381
brake:  0.0
velocity sent:  0.001396502518115527
steer:  0.365237306845288
throttle:  0.362249628290792
brake:  0.0
velocity sent:  0.001396502518115527
steer:  0.365237306845288
throttle:  0.362249628290792
brake:  0.0
velocity sent:  0.002348541006490731
steer:  0.365237226792969
throttle:  0.362049700208233
brake:  0.0
velocity sent:  0.002348541006490731
steer:  0.365237226792969
throttle:  0.362049700208233
brake:  0.0
velocity sent:  0.002348541006490731
steer:  0.365237226792969
throttle:  0.362049700208233
brake:  0.0
velocity sent:  0.0007208084462498911
steer:  0.365237186596278
throttle:  0.362391524045884
brake:  0.0
velocity sent:  0.0007208084462498911
steer:  0.365237186596278
throttle:  0.362391524045884
brake:  0.0
velocity sent:  0.0007208084462498911
steer:  0.365237186596278
throttle:  0.362391524045884
brake:  0.0
velocity sent:  0.0018498349901971461
steer:  0.365237329629458
throttle:  0.362154428471655
brake:  0.0
velocity sent:  0.0018498349901971461
steer:  0.365237329629458
throttle:  0.362154428471655
brake:  0.0
velocity sent:  0.002422689785066212
steer:  0.365237555376548
throttle:  0.362034128964732
brake:  0.0
velocity sent:  0.002422689785066212
steer:  0.365237555376548
throttle:  0.362034128964732
brake:  0.0
velocity sent:  0.002422689785066212
steer:  0.365237555376548
throttle:  0.362034128964732
brake:  0.0
velocity sent:  0.002149403465793316
steer:  0.365237726680305
throttle:  0.36209151909178
brake:  0.0
velocity sent:  0.002149403465793316
steer:  0.365237726680305
throttle:  0.36209151909178
brake:  0.0
velocity sent:  0.002149403465793316
steer:  0.365237726680305
throttle:  0.36209151909178
brake:  0.0
velocity sent:  0.005203389124999483
steer:  0.36523780831542
throttle:  0.361450182103346
brake:  0.0
velocity sent:  0.005203389124999483
steer:  0.36523780831542
throttle:  0.361450182103346
brake:  0.0
velocity sent:  0.0028195194951502107
steer:  0.365237648659595
throttle:  0.361950794725615
brake:  0.0
velocity sent:  0.0028195194951502107
steer:  0.365237648659595
throttle:  0.361950794725615
brake:  0.0
velocity sent:  0.0028195194951502107
steer:  0.365237648659595
throttle:  0.361950794725615
brake:  0.0
velocity sent:  0.00370167322972925Error: No spirals generated 
Error: No spirals generated 
Error: No spirals generated 
Error: No spirals generated 
Error: No spirals generated 
Error: No spirals generated 
Error: No spirals generated 
Error: No spirals generated 
Error: No spirals generated 
Error: No spirals generated 
Error: No spirals generated 
Error: No spirals generated 
Error: No spirals generated 
Error: No spirals generated 
Error: No spirals generated 
Error: No spirals generated 
Error: No spirals generated 
Error: No spirals generated 
Error: No spirals generated 
Error: No spirals generated 
Error: No spirals generated 
Error: No spirals generated 
Error: No spirals generated 
Error: No spirals generated 
Error: No spirals generated 
Error: No spirals generated 
Error: No spirals generated 
Error: No spirals generated 
Error: No spirals generated 
Error: No spirals generated 
Error: No spirals generated 
Error: No spirals generated 
Error: No spirals generated 
Error: No spirals generated 
Error: No spirals generated 
Error: No spirals generated 
Error: No spirals generated 
Error: No spirals generated 
Error: No spirals generated 
Error: No spirals generated 
Error: No spirals generated 
Error: No spirals generated 
Error: No spirals generated 
Error: No spirals generated 
Error: No spirals generated 
Error: No spirals generated 
Error: No spirals generated 
Error: No spirals generated 
Error: No spirals generated 
Error: No spirals generated 
Error: No spirals generated 
Error: No spirals generated 
Error: No spirals generated 
Error: No spirals generated 
Error: No spirals generated 
Error: No spirals generated 
Error: No spirals generated 
Error: No spirals generated 
Error: No spirals generated 
Error: No spirals generated 
Error: No spirals generated 
Error: No spirals generated 
Error: No spirals generated 
Error: No spirals generated 
Error: No spirals generated 
Error: No spirals generated 
Error: No spirals generated 
Error: No spirals generated 
Error: No spirals generated 
Error: No spirals generated 
Error: No spirals generated 
Error: No spirals generated 
Error: No spirals generated 
Error: No spirals generated 
Error: No spirals generated 
Error: No spirals generated 

steer:  0.3652375413561
throttle:  0.361765542441353
brake:  0.0
velocity sent:  0.00370167322972925
steer:  0.3652375413561
throttle:  0.361765542441353
brake:  0.0
velocity sent:  0.004707369398537661
steer:  0.365237348398781
throttle:  0.361554346245903
brake:  0.0
velocity sent:  0.004707369398537661
steer:  0.365237348398781
throttle:  0.361554346245903
brake:  0.0
velocity sent:  0.004707369398537661
steer:  0.365237348398781
throttle:  0.361554346245903
brake:  0.0
velocity sent:  0.0006175126453225876
steer:  0.365237258904355
throttle:  0.362413216164078
brake:  0.0
velocity sent:  0.0006175126453225876
steer:  0.365237258904355
throttle:  0.362413216164078
brake:  0.0
velocity sent:  0.0011667982021036102
steer:  0.365237305940742
throttle:  0.362297866197154
brake:  0.0
velocity sent:  0.0011667982021036102
steer:  0.365237305940742
throttle:  0.362297866197154
brake:  0.0
velocity sent:  0.0011667982021036102
steer:  0.365237305940742
throttle:  0.362297866197154
brake:  0.0
velocity sent:  0.0
steer:  0.365237305940742
throttle:  0.362542893819596
brake:  0.0
velocity sent:  0.0
steer:  0.365237305940742
throttle:  0.362542893819596
brake:  0.0
velocity sent:  0.0020544674784636367
steer:  0.36523745315923
throttle:  0.362111455649119
brake:  0.0
velocity sent:  0.0020544674784636367
steer:  0.36523745315923
throttle:  0.362111455649119
brake:  0.0
velocity sent:  0.0034280437816512255
steer:  0.365237415676205
throttle:  0.361823004625449
brake:  0.0
velocity sent:  0.0034280437816512255
steer:  0.365237415676205
throttle:  0.361823004625449
brake:  0.0
velocity sent:  0.0034280437816512255
steer:  0.365237415676205
throttle:  0.361823004625449
brake:  0.0
velocity sent:  0.001410386121680307
steer:  0.365237280895207
throttle:  0.362246712734043
brake:  0.0
velocity sent:  0.001410386121680307
steer:  0.365237280895207
throttle:  0.362246712734043
brake:  0.0
velocity sent:  0.0034291202711706657
steer:  0.365237215256329
throttle:  0.36182277856265
brake:  0.0
velocity sent:  0.0034291202711706657
steer:  0.365237215256329
throttle:  0.36182277856265
brake:  0.0
velocity sent:  0.0034291202711706657
steer:  0.365237215256329
throttle:  0.36182277856265
brake:  0.0
velocity sent:  0.0008554546530626285
steer:  0.365237116037992
throttle:  0.362363248342453
brake:  0.0
velocity sent:  0.0008554546530626285
steer:  0.365237116037992
throttle:  0.362363248342453
brake:  0.0
velocity sent:  0.0020376164011262957
steer:  0.365237047288797
throttle:  0.36211499437536
brake:  0.0
velocity sent:  0.0020376164011262957
steer:  0.365237047288797
throttle:  0.36211499437536
brake:  0.0
velocity sent:  0.0020376164011262957
steer:  0.365237047288797
throttle:  0.36211499437536
brake:  0.0
velocity sent:  0.0011014810852040078
steer:  0.365237038187708
throttle:  0.362311582791703
brake:  0.0
velocity sent:  0.0011014810852040078
steer:  0.363539290740034
throttle:  0.362310921903052
brake:  0.0
velocity sent:  0.002107723191672038
steer:  0.363539471259994
throttle:  0.362099611060694
brake:  0.0
velocity sent:  0.002107723191672038
steer:  0.363539471259994
throttle:  0.362099611060694
brake:  0.0
velocity sent:  0.002310994539136172
steer:  0.363539711535494
throttle:  0.362056924077726
brake:  0.0
velocity sent:  0.002310994539136172
steer:  0.363539711535494
throttle:  0.362056924077726
brake:  0.0
velocity sent:  0.002310994539136172
steer:  0.363539711535494
throttle:  0.362056924077726
brake:  0.0
velocity sent:  0.0019405101470948538
steer:  0.363539879502849
throttle:  0.362134725800055
brake:  0.0
velocity sent:  0.0019405101470948538
steer:  0.363539879502849
throttle:  0.362134725800055
brake:  0.0
velocity sent:  0.002449449228972001
steer:  0.363539954921124
throttle:  0.362027848592861
brake:  0.0
velocity sent:  0.002449449228972001
steer:  0.363539954921124
throttle:  0.362027848592861
brake:  0.0
velocity sent:  0.0026747017369521853
steer:  0.363539865764142
throttle:  0.361980545566185
brake:  0.0
velocity sent:  0.0026747017369521853
steer:  0.363539865764142
throttle:  0.361980545566185
brake:  0.0
velocity sent:  0.0026747017369521853
steer:  0.363539865764142
throttle:  0.361980545566185
brake:  0.0
velocity sent:  0.0020368236327382907
steer:  0.363539790968655
throttle:  0.36211449996807
brake:  0.0
velocity sent:  0.0020368236327382907
steer:  0.363539790968655
throttle:  0.36211449996807
brake:  0.0
velocity sent:  0.0029855950220226916
steer:  0.363539637359065
throttle:  0.36191525797632
brake:  0.0
velocity sent:  0.0029855950220226916
steer:  0.363539637359065
throttle:  0.36191525797632
brake:  0.0
velocity sent:  0.002936633942866886
steer:  0.363539526607826
throttle:  0.361925539802943
brake:  0.0
velocity sent:  0.002936633942866886
steer:  0.363539526607826
throttle:  0.361925539802943
brake:  0.0
velocity sent:  0.002936633942866886
steer:  0.363539526607826
throttle:  0.361925539802943
brake:  0.0
velocity sent:  0.001304894266971054
steer:  0.363539420208747
throttle:  0.362268205134881
brake:  0.0
velocity sent:  0.001304894266971054
steer:  0.363539420208747
throttle:  0.362268205134881
brake:  0.0
velocity sent:  0.0009746409068558196
steer:  0.363539421224527
throttle:  0.362337558340505
brake:  0.0
velocity sent:  0.0009746409068558196
steer:  0.363539421224527
throttle:  0.362337558340505
brake:  0.0
velocity sent:  0.0009746409068558196
steer:  0.363539421224527
throttle:  0.362337558340505
brake:  0.0
velocity sent:  0.002114740507499771
steer:  0.36353960310125
throttle:  0.36209813742437
brake:  0.0
velocity sent:  0.002114740507499771
steer:  0.36353960310125
throttle:  0.36209813742437
brake:  0.0
velocity sent:  0.002168204571641755
steer:  0.363539820592502
throttle:  0.3620869099709
brake:  0.0
velocity sent:  0.002168204571641755
steer:  0.363539820592502
throttle:  0.3620869099709
brake:  0.0
velocity sent:  0.002168204571641755
steer:  0.363539820592502
throttle:  0.3620869099709
brake:  0.0
velocity sent:  0.0014957761808136742
steer:  0.363539997379113
throttle:  0.362228119932974
brake:  0.0
velocity sent:  0.0014957761808136742
steer:  0.363539997379113
throttle:  0.362228119932974
brake:  0.0
velocity sent:  0.00010099758711661636
steer:  0.363540002635837
throttle:  0.362521023437651
brake:  0.0
velocity sent:  0.00010099758711661636
steer:  0.363540002635837
throttle:  0.362521023437651
brake:  0.0
velocity sent:  0.004423718761019857
steer:  0.363540003258651
throttle:  0.361613251991131
brake:  0.0
velocity sent:  0.004423718761019857
steer:  0.363540003258651
throttle:  0.361613251991131
brake:  0.0
velocity sent:  0.004423718761019857
steer:  0.363540003258651
throttle:  0.361613251991131
brake:  0.0
velocity sent:  0.0022870660462306334
steer:  0.363539824718556
throttle:  0.362061949061237
brake:  0.0
velocity sent:  0.0022870660462306334
steer:  0.363539824718556
throttle:  0.362061949061237
brake:  0.0
velocity sent:  0.0045723435093883566
steer:  0.363539717867311
throttle:  0.361582040793973
brake:  0.0
velocity sent:  0.0045723435093883566
steer:  0.363539717867311
throttle:  0.361582040793973
brake:  0.0
velocity sent:  0.0045723435093883566
steer:  0.363539717867311
throttle:  0.361582040793973
brake:  0.0
velocity sent:  0.0013869160862696604
steer:  0.363539536613444
throttle:  0.362250980552828
brake:  0.0
velocity sent:  0.0013869160862696604
steer:  0.363539536613444
throttle:  0.362250980552828
brake:  0.0
velocity sent:  0.0011169098668839187
steer:  0.363539435133761
throttle:  0.362307681858899
brake:  0.0
velocity sent:  0.0011169098668839187
steer:  0.363539435133761
throttle:  0.362307681858899
brake:  0.0
velocity sent:  0.0011169098668839187
steer:  0.363539435133761
throttle:  0.362307681858899
brake:  0.0
velocity sent:  0.000908337193480846
steer:  0.363539326810659
throttle:  0.362351482120314
brake:  0.0
velocity sent:  0.000908337193480846Error: No spirals generated 
Error: No spirals generated 
Error: No spirals generated 
Error: No spirals generated 
Error: No spirals generated 
Error: No spirals generated 
Error: No spirals generated 
Error: No spirals generated 
Error: No spirals generated 
Error: No spirals generated 
Error: No spirals generated 
Error: No spirals generated 
Error: No spirals generated 
Error: No spirals generated 
Error: No spirals generated 
Error: No spirals generated 
Error: No spirals generated 
Error: No spirals generated 
Error: No spirals generated 
Error: No spirals generated 
Error: No spirals generated 
Error: No spirals generated 
Error: No spirals generated 
Error: No spirals generated 
Error: No spirals generated 
Error: No spirals generated 
Error: No spirals generated 
Error: No spirals generated 
Error: No spirals generated 
Error: No spirals generated 
Error: No spirals generated 
Error: No spirals generated 
Error: No spirals generated 
Error: No spirals generated 
Error: No spirals generated 
Error: No spirals generated 
Error: No spirals generated 
Error: No spirals generated 
Error: No spirals generated 
Error: No spirals generated 
Error: No spirals generated 
Error: No spirals generated 
Error: No spirals generated 
Error: No spirals generated 
Error: No spirals generated 
Error: No spirals generated 
Error: No spirals generated 
Error: No spirals generated 
Error: No spirals generated 
Error: No spirals generated 
Error: No spirals generated 
Error: No spirals generated 
Error: No spirals generated 
Error: No spirals generated 
Error: No spirals generated 
Error: No spirals generated 
Error: No spirals generated 
Error: No spirals generated 
Error: No spirals generated 
Error: No spirals generated 
Error: No spirals generated 
Error: No spirals generated 
Error: No spirals generated 
Error: No spirals generated 
Error: No spirals generated 
Error: No spirals generated 
Error: No spirals generated 
Error: No spirals generated 
Error: No spirals generated 
Error: No spirals generated 
Error: No spirals generated 
Error: No spirals generated 
Error: No spirals generated 
Error: No spirals generated 
Error: No spirals generated 
Error: No spirals generated 

steer:  0.363539326810659
throttle:  0.362351482120314
brake:  0.0
velocity sent:  0.0011861279830153954
steer:  0.36353937243464
throttle:  0.362293146054512
brake:  0.0
velocity sent:  0.0011861279830153954
steer:  0.36353937243464
throttle:  0.362293146054512
brake:  0.0
velocity sent:  0.0011861279830153954
steer:  0.36353937243464
throttle:  0.362293146054512
brake:  0.0
velocity sent:  0.0021696881343021487
steer:  0.363539569121481
throttle:  0.362086598422742
brake:  0.0
velocity sent:  0.0021696881343021487
steer:  0.363539569121481
throttle:  0.362086598422742
brake:  0.0
velocity sent:  0.0023002951418479244
steer:  0.363539750204801
throttle:  0.362059170951157
brake:  0.0
velocity sent:  0.0023002951418479244
steer:  0.363539750204801
throttle:  0.362059170951157
brake:  0.0
velocity sent:  0.0026873372835951805
steer:  0.363539871925418
throttle:  0.36197789210139
brake:  0.0
velocity sent:  0.0026873372835951805
steer:  0.363539871925418
throttle:  0.36197789210139
brake:  0.0
velocity sent:  0.0026873372835951805
steer:  0.363539871925418
throttle:  0.36197789210139
brake:  0.0
velocity sent:  0.0017827971534583014
steer:  0.363539888774432
throttle:  0.362167845528719
brake:  0.0
velocity sent:  0.0017827971534583014
steer:  0.363539888774432
throttle:  0.362167845528719
brake:  0.0
velocity sent:  0.0026712595467881127
steer:  0.363539816803788
throttle:  0.361981268426119
brake:  0.0
velocity sent:  0.0026712595467881127
steer:  0.363539816803788
throttle:  0.361981268426119
brake:  0.0
velocity sent:  0.0028410048272949685
steer:  0.363539722842309
throttle:  0.361945621917213
brake:  0.0
velocity sent:  0.0028410048272949685
steer:  0.363539722842309
throttle:  0.361945621917213
brake:  0.0
velocity sent:  0.0028410048272949685
steer:  0.363539722842309
throttle:  0.361945621917213
brake:  0.0
velocity sent:  0.0013332263857320321
steer:  0.363539570026026
throttle:  0.362262255389941
brake:  0.0
velocity sent:  0.0013332263857320321
steer:  0.363539570026026
throttle:  0.362262255389941
brake:  0.0
velocity sent:  0.0010550629366000734
steer:  0.361841673755572
throttle:  0.362342206303393
brake:  0.0
velocity sent:  0.0010550629366000734
steer:  0.361841728281891
throttle:  0.362319953227462
brake:  0.0
velocity sent:  0.0006485516635285958
steer:  0.361841693623711
throttle:  0.362405320594807
brake:  0.0
velocity sent:  0.0006485516635285958
steer:  0.361841693623711
throttle:  0.362405320594807
brake:  0.0
velocity sent:  0.0006485516635285958
steer:  0.361841693623711
throttle:  0.362405320594807
brake:  0.0
velocity sent:  0.0
steer:  0.361841693623711
throttle:  0.362541516444148
brake:  0.0
velocity sent:  0.0
steer:  0.361841693623711
throttle:  0.362541516444148
brake:  0.0
velocity sent:  0.0008121471856298347
steer:  0.361841851188904
throttle:  0.362370965535166
brake:  0.0
velocity sent:  0.0008121471856298347
steer:  0.361841851188904
throttle:  0.362370965535166
brake:  0.0
velocity sent:  0.0008121471856298347
steer:  0.361841851188904
throttle:  0.362370965535166
brake:  0.0
velocity sent:  0.00233062567147249
steer:  0.361841889802617
throttle:  0.362052085053139
brake:  0.0
velocity sent:  0.00233062567147249
steer:  0.361841889802617
throttle:  0.362052085053139
brake:  0.0
velocity sent:  0.0010442463058475428
steer:  0.361841831515036
throttle:  0.36232222471992
brake:  0.0
velocity sent:  0.0010442463058475428
steer:  0.361841831515036
throttle:  0.36232222471992
brake:  0.0
velocity sent:  0.0025161781967518015
steer:  0.361841778258057
throttle:  0.36201311902283
brake:  0.0
velocity sent:  0.0025161781967518015
steer:  0.361841778258057
throttle:  0.36201311902283
brake:  0.0
velocity sent:  0.0025161781967518015
steer:  0.361841778258057
throttle:  0.36201311902283
brake:  0.0
velocity sent:  0.0009025686075588087
steer:  0.361841668693072
throttle:  0.362351977036561
brake:  0.0
velocity sent:  0.0009025686075588087
steer:  0.361841668693072
throttle:  0.362351977036561
brake:  0.0
velocity sent:  0.0007745601979871139
steer:  0.361841589204221
throttle:  0.362378858802571
brake:  0.0
velocity sent:  0.0007745601979871139
steer:  0.361841589204221
throttle:  0.362378858802571
brake:  0.0
velocity sent:  0.0007745601979871139
steer:  0.361841589204221
throttle:  0.362378858802571
brake:  0.0
velocity sent:  0.0008053375948291622
steer:  0.36184157461658
throttle:  0.362372395549234
brake:  0.0
velocity sent:  0.0008053375948291622
steer:  0.36184157461658
throttle:  0.362372395549234
brake:  0.0
velocity sent:  0.0020825152261607443
steer:  0.361841753835317
throttle:  0.362104188246655
brake:  0.0
velocity sent:  0.0020825152261607443
steer:  0.361841753835317
throttle:  0.362104188246655
brake:  0.0
velocity sent:  0.0024001237163922234
steer:  0.361841978733512
throttle:  0.362037490463706
brake:  0.0
velocity sent:  0.0024001237163922234
steer:  0.361841978733512
throttle:  0.362037490463706
brake:  0.0
velocity sent:  0.0028521405648337574
steer:  0.361842166374698
throttle:  0.361942566925533
brake:  0.0
velocity sent:  0.0028521405648337574
steer:  0.361842166374698
throttle:  0.361942566925533
brake:  0.0
velocity sent:  0.0028521405648337574
steer:  0.361842166374698
throttle:  0.361942566925533
brake:  0.0
velocity sent:  0.0019203300161471286
steer:  0.361842226923575
throttle:  0.362138247140757
brake:  0.0
velocity sent:  0.0019203300161471286
steer:  0.361842226923575
throttle:  0.362138247140757
brake:  0.0
velocity sent:  0.0019203300161471286
steer:  0.361842226923575
throttle:  0.362138247140757
brake:  0.0
velocity sent:  0.004866625475630768
steer:  0.361842281763446
throttle:  0.361519525094266
brake:  0.0
velocity sent:  0.004866625475630768
steer:  0.361842281763446
throttle:  0.361519525094266
brake:  0.0
velocity sent:  0.002899265183186571
steer:  0.361842106897152
throttle:  0.361932670755679
brake:  0.0
velocity sent:  0.002899265183186571
steer:  0.361842106897152
throttle:  0.361932670755679
brake:  0.0
velocity sent:  0.004415667851603417
steer:  0.361842033855158
throttle:  0.361614226195312
brake:  0.0
velocity sent:  0.004415667851603417
steer:  0.361842033855158
throttle:  0.361614226195312
brake:  0.0
velocity sent:  0.004415667851603417
steer:  0.361842033855158
throttle:  0.361614226195312
brake:  0.0
velocity sent:  0.0013796472707817767
steer:  0.361841878099135
throttle:  0.362251790517284
brake:  0.0
velocity sent:  0.0013796472707817767
steer:  0.361841878099135
throttle:  0.362251790517284
brake:  0.0
velocity sent:  0.001123906789828749
steer:  0.361841756548955
throttle:  0.362305496018284
brake:  0.0
velocity sent:  0.001123906789828749
steer:  0.361841756548955
throttle:  0.362305496018284
brake:  0.0
velocity sent:  0.001123906789828749
steer:  0.361841756548955
throttle:  0.362305496018284
brake:  0.0
velocity sent:  0.0010888092633763921
steer:  0.361841634431546
throttle:  0.362312866498839
brake:  0.0
velocity sent:  0.0010888092633763921
steer:  0.361841634431546
throttle:  0.362312866498839
brake:  0.0
velocity sent:  7.869371878168021e-05
steer:  0.361841562913095
throttle:  0.362524990763204
brake:  0.0
velocity sent:  7.869371878168021e-05
steer:  0.361841562913095
throttle:  0.362524990763204
brake:  0.0
velocity sent:  0.0016538314254016732
steer:  0.361841666769077
throttle:  0.362194211844814
brake:  0.0
velocity sent:  0.0016538314254016732
steer:  0.361841666769077
throttle:  0.362194211844814
brake:  0.0
velocity sent:  0.0016538314254016732
steer:  0.361841666769077
throttle:  0.362194211844814
brake:  0.0
velocity sent:  0.002460192496477733
steer:  0.36184187154118
throttle:  0.362024876019888
brake:  0.0
velocity sent:  0.002460192496477733
steer:  0.36184187154118
throttle:  0.362024876019888
brake:  0.0
velocity sent:  0.0024101044742752278
steer:  0.361842097399433
throttle:  0.36203539450455
brake:  0.0
velocity sent: Error: No spirals generated 
Error: No spirals generated 
Error: No spirals generated 
Error: No spirals generated 
Error: No spirals generated 
Error: No spirals generated 
Error: No spirals generated 
Error: No spirals generated 
Error: No spirals generated 
Error: No spirals generated 
Error: No spirals generated 
Error: No spirals generated 
Error: No spirals generated 
Error: No spirals generated 
Error: No spirals generated 
Error: No spirals generated 
Error: No spirals generated 
Error: No spirals generated 
Error: No spirals generated 
Error: No spirals generated 
Error: No spirals generated 
Error: No spirals generated 
Error: No spirals generated 
Error: No spirals generated 
Error: No spirals generated 
Error: No spirals generated 
Error: No spirals generated 
Error: No spirals generated 
Error: No spirals generated 
Error: No spirals generated 
Error: No spirals generated 
Error: No spirals generated 
Error: No spirals generated 
Error: No spirals generated 
Error: No spirals generated 
Error: No spirals generated 
Error: No spirals generated 
Error: No spirals generated 
Error: No spirals generated 
Error: No spirals generated 
Error: No spirals generated 
Error: No spirals generated 
Error: No spirals generated 
Error: No spirals generated 
Error: No spirals generated 
Error: No spirals generated 
Error: No spirals generated 
Error: No spirals generated 
Error: No spirals generated 
Error: No spirals generated 
Error: No spirals generated 
Error: No spirals generated 
Error: No spirals generated 
Error: No spirals generated 
Error: No spirals generated 
Error: No spirals generated 
Error: No spirals generated 
Error: No spirals generated 
Error: No spirals generated 
Error: No spirals generated 
Error: No spirals generated 
Error: No spirals generated 
Error: No spirals generated 
Error: No spirals generated 
Error: No spirals generated 
Error: No spirals generated 
Error: No spirals generated 
Error: No spirals generated 
Error: No spirals generated 
Error: No spirals generated 
Error: No spirals generated 
Error: No spirals generated 
Error: No spirals generated 
Error: No spirals generated 
Error: No spirals generated 
Error: No spirals generated 
 0.0024101044742752278
steer:  0.361842097399433
throttle:  0.36203539450455
brake:  0.0
velocity sent:  0.0024101044742752278
steer:  0.361842097399433
throttle:  0.36203539450455
brake:  0.0
velocity sent:  0.0038626591626186313
steer:  0.361842275768961
throttle:  0.361730358019998
brake:  0.0
velocity sent:  0.0038626591626186313
steer:  0.361842275768961
throttle:  0.361730358019998
brake:  0.0
velocity sent:  0.0021967171617857098
steer:  0.361842218159865
throttle:  0.362080205840173
brake:  0.0
velocity sent:  0.0021967171617857098
steer:  0.361842218159865
throttle:  0.362080205840173
brake:  0.0
velocity sent:  0.0021967171617857098
steer:  0.361842218159865
throttle:  0.362080205840173
brake:  0.0
velocity sent:  0.004490115896193391
steer:  0.361842151334774
throttle:  0.361598592105948
brake:  0.0
velocity sent:  0.004490115896193391
steer:  0.361842151334774
throttle:  0.361598592105948
brake:  0.0
velocity sent:  0.0035449076424230726
steer:  0.36184193350254
throttle:  0.361797085839239
brake:  0.0
velocity sent:  0.0035449076424230726
steer:  0.36184193350254
throttle:  0.361797085839239
brake:  0.0
velocity sent:  0.0035449076424230726
steer:  0.36184193350254
throttle:  0.361797085839239
brake:  0.0
velocity sent:  0.0013364010117005829
steer:  0.360144000842092
throttle:  0.362436088369553
brake:  0.0
velocity sent:  0.0013364010117005829
steer:  0.360144068823503
throttle:  0.362259407839095
brake:  0.0
velocity sent:  0.0010555258160437678
steer:  0.360143945575438
throttle:  0.362318391630183
brake:  0.0
velocity sent:  0.0010555258160437678
steer:  0.360143945575438
throttle:  0.362318391630183
brake:  0.0
velocity sent:  0.0010555258160437678
steer:  0.360143945575438
throttle:  0.362318391630183
brake:  0.0
velocity sent:  0.0009570278772602562
steer:  0.360143841267192
throttle:  0.362339076197327
brake:  0.0
velocity sent:  0.0009570278772602562
steer:  0.360143841267192
throttle:  0.362339076197327
brake:  0.0
velocity sent:  0.000794426459900585
steer:  0.360143823910292
throttle:  0.362373222494973
brake:  0.0
velocity sent:  0.000794426459900585
steer:  0.360143823910292
throttle:  0.362373222494973
brake:  0.0
velocity sent:  0.000794426459900585
steer:  0.360143823910292
throttle:  0.362373222494973
brake:  0.0
velocity sent:  0.0020202446327937697
steer:  0.360144003355156
throttle:  0.362115800678665
brake:  0.0
velocity sent:  0.0020202446327937697
steer:  0.360144003355156
throttle:  0.362115800678665
brake:  0.0
velocity sent:  0.0022752903112077043
steer:  0.360144226725991
throttle:  0.362062241086198
brake:  0.0
velocity sent:  0.0022752903112077043
steer:  0.360144226725991
throttle:  0.362062241086198
brake:  0.0
velocity sent:  0.0012741911969000208
steer:  0.360144416572923
throttle:  0.362272471900203
brake:  0.0
velocity sent:  0.0012741911969000208
steer:  0.360144416572923
throttle:  0.362272471900203
brake:  0.0
velocity sent:  0.0012741911969000208
steer:  0.360144416572923
throttle:  0.362272471900203
brake:  0.0
velocity sent:  0.0019763866309622387
steer:  0.360144472995753
throttle:  0.36212501085905
brake:  0.0
velocity sent:  0.0019763866309622387
steer:  0.360144472995753
throttle:  0.36212501085905
brake:  0.0
velocity sent:  0.0024765643238947727
steer:  0.360144387738697
throttle:  0.362019973543534
brake:  0.0
velocity sent:  0.0024765643238947727
steer:  0.360144387738697
throttle:  0.362019973543534
brake:  0.0
velocity sent:  0.0034210338968719057
steer:  0.360144299601188
throttle:  0.361821634933209
brake:  0.0
velocity sent:  0.0034210338968719057
steer:  0.360144299601188
throttle:  0.361821634933209
brake:  0.0
velocity sent:  0.0034210338968719057
steer:  0.360144299601188
throttle:  0.361821634933209
brake:  0.0
velocity sent:  0.0013812779746316174
steer:  0.36014414113154
throttle:  0.362249983676879
brake:  0.0
velocity sent:  0.0013812779746316174
steer:  0.36014414113154
throttle:  0.362249983676879
brake:  0.0
velocity sent:  0.0016324666962525653
steer:  0.360144020315391
throttle:  0.362197234045339
brake:  0.0
velocity sent:  0.0016324666962525653
steer:  0.360144020315391
throttle:  0.362197234045339
brake:  0.0
velocity sent:  0.0003226971589199895
steer:  0.3601439688675
throttle:  0.362472285648179
brake:  0.0
velocity sent:  0.0003226971589199895
steer:  0.3601439688675
throttle:  0.362472285648179
brake:  0.0
velocity sent:  0.0003226971589199895
steer:  0.3601439688675
throttle:  0.362472285648179
brake:  0.0
velocity sent:  0.0015971935330647644
steer:  0.360144074135864
throttle:  0.362204641409608
brake:  0.0
velocity sent:  0.0015971935330647644
steer:  0.360144074135864
throttle:  0.362204641409608
brake:  0.0
velocity sent:  0.0016712034476710905
steer:  0.360144252957798
throttle:  0.362189099327541
brake:  0.0
velocity sent:  0.0016712034476710905
steer:  0.360144252957798
throttle:  0.362189099327541
brake:  0.0
velocity sent:  0.0016712034476710905
steer:  0.360144252957798
throttle:  0.362189099327541
brake:  0.0
velocity sent:  0.0033646898803794158
steer:  0.360144218188418
throttle:  0.361833467176672
brake:  0.0
velocity sent:  0.0033646898803794158
steer:  0.360144218188418
throttle:  0.361833467176672
brake:  0.0
velocity sent:  0.0008879322123665234
steer:  0.360144126940558
throttle:  0.362353586286955
brake:  0.0
velocity sent:  0.0008879322123665234
steer:  0.360144126940558
throttle:  0.362353586286955
brake:  0.0
velocity sent:  0.003051950910507863
steer:  0.360144049486994
throttle:  0.361899142360345
brake:  0.0
velocity sent:  0.003051950910507863
steer:  0.360144049486994
throttle:  0.361899142360345
brake:  0.0
velocity sent:  0.003051950910507863
steer:  0.360144049486994
throttle:  0.361899142360345
brake:  0.0
velocity sent:  0.0013101486855056903
steer:  0.360143911540053
throttle:  0.362264920827596
brake:  0.0
velocity sent:  0.0013101486855056903
steer:  0.360143911540053
throttle:  0.362264920827596
brake:  0.0
velocity sent:  0.0009764746353692103
steer:  0.36014381333749
throttle:  0.362334992378124
brake:  0.0
velocity sent:  0.0009764746353692103
steer:  0.36014381333749
throttle:  0.362334992378124
brake:  0.0
velocity sent:  0.0005669155582201351
steer:  0.360143781337329
throttle:  0.362420999784326
brake:  0.0
velocity sent:  0.0005669155582201351
steer:  0.360143781337329
throttle:  0.362420999784326
brake:  0.0
velocity sent:  0.0005669155582201351
steer:  0.360143781337329
throttle:  0.362420999784326
brake:  0.0
velocity sent:  0.0018508238341852468
steer:  0.360143925842273
throttle:  0.362151379046373
brake:  0.0
velocity sent:  0.0018508238341852468
steer:  0.360143925842273
throttle:  0.362151379046373
brake:  0.0
velocity sent:  0.002235030681345031
steer:  0.360144140961013
throttle:  0.36207069560847
brake:  0.0
velocity sent:  0.002235030681345031
steer:  0.360144140961013
throttle:  0.36207069560847
brake:  0.0
velocity sent:  0.0005722646333273459
steer:  0.360144249621359
throttle:  0.362419876478553
brake:  0.0
velocity sent:  0.0005722646333273459
steer:  0.360144249621359
throttle:  0.362419876478553
brake:  0.0
velocity sent:  0.0005722646333273459
steer:  0.360144249621359
throttle:  0.362419876478553
brake:  0.0
velocity sent:  0.0012543048479671025
steer:  0.360144240179242
throttle:  0.362276648033479
brake:  0.0
velocity sent:  0.0012543048479671025
steer:  0.360144240179242
throttle:  0.362276648033479
brake:  0.0
velocity sent:  0.005143033557599956
steer:  0.360144208972437
throttle:  0.361460015004456
brake:  0.0
velocity sent:  0.005143033557599956
steer:  0.360144208972437
throttle:  0.361460015004456
brake:  0.0
velocity sent:  0.005143033557599956
steer:  0.360144208972437
throttle:  0.361460015004456
brake:  0.0
velocity sent:  0.001203079207662808
steer:  0.360144035803896
throttle:  0.362287405417943
brake:  0.0
velocity sent:  0.001203079207662808
steer:  0.360144035803896
throttle: Error: No spirals generated 
Error: No spirals generated 
Error: No spirals generated 
Error: No spirals generated 
Error: No spirals generated 
Error: No spirals generated 
Error: No spirals generated 
Error: No spirals generated 
Error: No spirals generated 
Error: No spirals generated 
Error: No spirals generated 
Error: No spirals generated 
Error: No spirals generated 
Error: No spirals generated 
Error: No spirals generated 
Error: No spirals generated 
Error: No spirals generated 
Error: No spirals generated 
Error: No spirals generated 
Error: No spirals generated 
Error: No spirals generated 
Error: No spirals generated 
Error: No spirals generated 
Error: No spirals generated 
Error: No spirals generated 
Error: No spirals generated 
Error: No spirals generated 
Error: No spirals generated 
Error: No spirals generated 
Error: No spirals generated 
Error: No spirals generated 
Error: No spirals generated 
Error: No spirals generated 
Error: No spirals generated 
Error: No spirals generated 
Error: No spirals generated 
Error: No spirals generated 
Error: No spirals generated 
Error: No spirals generated 
Error: No spirals generated 
Error: No spirals generated 
Error: No spirals generated 
Error: No spirals generated 
Error: No spirals generated 
Error: No spirals generated 
Error: No spirals generated 
Error: No spirals generated 
Error: No spirals generated 
Error: No spirals generated 
Error: No spirals generated 
Error: No spirals generated 
Error: No spirals generated 
Error: No spirals generated 
Error: No spirals generated 
Error: No spirals generated 
Error: No spirals generated 
Error: No spirals generated 
Error: No spirals generated 
Error: No spirals generated 
Error: No spirals generated 
Error: No spirals generated 
Error: No spirals generated 
Error: No spirals generated 
Error: No spirals generated 
Error: No spirals generated 
Error: No spirals generated 
Error: No spirals generated 
Error: No spirals generated 
Error: No spirals generated 
Error: No spirals generated 
Error: No spirals generated 
Error: No spirals generated 
Error: No spirals generated 
Error: No spirals generated 
Error: No spirals generated 
Error: No spirals generated 
 0.362287405417943
brake:  0.0
velocity sent:  0.002279860072406099
steer:  0.360143959595903
throttle:  0.362061281436347
brake:  0.0
velocity sent:  0.002279860072406099
steer:  0.360143959595903
throttle:  0.362061281436347
brake:  0.0
velocity sent:  0.00021819505964672953
steer:  0.360143895087702
throttle:  0.362494231089026
brake:  0.0
velocity sent:  0.00021819505964672953
steer:  0.360143895087702
throttle:  0.362494231089026
brake:  0.0
velocity sent:  0.00021819505964672953
steer:  0.358446311213368
throttle:  0.36249410017199
brake:  0.0
velocity sent:  0.0016706982476606862
steer:  0.358446252489806
throttle:  0.362189074502507
brake:  0.0
velocity sent:  0.0016706982476606862
steer:  0.358446252489806
throttle:  0.362189074502507
brake:  0.0
velocity sent:  0.0
steer:  0.358446252489806
throttle:  0.362539921134516
brake:  0.0
velocity sent:  0.0
steer:  0.358446252489806
throttle:  0.362539921134516
brake:  0.0
velocity sent:  0.0026787689391681627
steer:  0.358446391793529
throttle:  0.361977379657291
brake:  0.0
velocity sent:  0.0026787689391681627
steer:  0.358446391793529
throttle:  0.361977379657291
brake:  0.0
velocity sent:  0.003796915453452922
steer:  0.358446364768384
throttle:  0.361742568889291
brake:  0.0
velocity sent:  0.003796915453452922
steer:  0.358446364768384
throttle:  0.361742568889291
brake:  0.0
velocity sent:  0.003796915453452922
steer:  0.358446364768384
throttle:  0.361742568889291
brake:  0.0
velocity sent:  0.0009401744222205512
steer:  0.358446252942079
throttle:  0.36234248450585
brake:  0.0
velocity sent:  0.0009401744222205512
steer:  0.358446252942079
throttle:  0.36234248450585
brake:  0.0
velocity sent:  0.00363181806131964
steer:  0.358446190921388
throttle:  0.361777239341639
brake:  0.0
velocity sent:  0.00363181806131964
steer:  0.358446190921388
throttle:  0.361777239341639
brake:  0.0
velocity sent:  0.00363181806131964
steer:  0.358446190921388
throttle:  0.361777239341639
brake:  0.0
velocity sent:  0.0010637519336611895
steer:  0.358446063491593
throttle:  0.362316533228447
brake:  0.0
velocity sent:  0.0010637519336611895
steer:  0.358446063491593
throttle:  0.362316533228447
brake:  0.0
velocity sent:  0.0008002141388339747
steer:  0.358445979253855
throttle:  0.362371876165361
brake:  0.0
velocity sent:  0.0008002141388339747
steer:  0.358445979253855
throttle:  0.362371876165361
brake:  0.0
velocity sent:  0.0008002141388339747
steer:  0.358445979253855
throttle:  0.362371876165361
brake:  0.0
velocity sent:  0.0008679707927970059
steer:  0.358445974731121
throttle:  0.362357647268029
brake:  0.0
velocity sent:  0.0008679707927970059
steer:  0.358445974731121
throttle:  0.362357647268029
brake:  0.0
velocity sent:  0.0020414774297423375
steer:  0.358446148181581
throttle:  0.36211121087427
brake:  0.0
velocity sent:  0.0020414774297423375
steer:  0.358446148181581
throttle:  0.36211121087427
brake:  0.0
velocity sent:  0.0020414774297423375
steer:  0.358446148181581
throttle:  0.36211121087427
brake:  0.0
velocity sent:  0.002472812790547538
steer:  0.358446386366256
throttle:  0.362020630448501
brake:  0.0
velocity sent:  0.002472812790547538
steer:  0.358446386366256
throttle:  0.362020630448501
brake:  0.0
velocity sent:  0.0029972739451115497
steer:  0.358446568976876
throttle:  0.361910493606043
brake:  0.0
velocity sent:  0.0029972739451115497
steer:  0.358446568976876
throttle:  0.361910493606043
brake:  0.0
velocity sent:  0.0029972739451115497
steer:  0.358446568976876
throttle:  0.361910493606043
brake:  0.0
velocity sent:  0.001381551994773359
steer:  0.358446543479086
throttle:  0.362249795215614
brake:  0.0
velocity sent:  0.001381551994773359
steer:  0.358446543479086
throttle:  0.362249795215614
brake:  0.0
velocity sent:  0.0034255083377260262
steer:  0.358446496101683
throttle:  0.361820564383594
brake:  0.0
velocity sent:  0.0034255083377260262
steer:  0.358446496101683
throttle:  0.361820564383594
brake:  0.0
velocity sent:  0.0034255083377260262
steer:  0.358446496101683
throttle:  0.361820564383594
brake:  0.0
velocity sent:  0.0012677782072520836
steer:  0.358446354481027
throttle:  0.362273687710993
brake:  0.0
velocity sent:  0.0012677782072520836
steer:  0.358446354481027
throttle:  0.362273687710993
brake:  0.0
velocity sent:  0.0036202485907234484
steer:  0.358446232760317
throttle:  0.361779668930464
brake:  0.0
velocity sent:  0.0036202485907234484
steer:  0.358446232760317
throttle:  0.361779668930464
brake:  0.0
velocity sent:  0.0010507143458458462
steer:  0.358446095773511
throttle:  0.362319271121889
brake:  0.0
velocity sent:  0.0010507143458458462
steer:  0.358446095773511
throttle:  0.362319271121889
brake:  0.0
velocity sent:  0.0010507143458458462
steer:  0.358446095773511
throttle:  0.362319271121889
brake:  0.0
velocity sent:  6.728070192185249e-05
steer:  0.358446026179043
throttle:  0.362525792187113
brake:  0.0
velocity sent:  6.728070192185249e-05
steer:  0.358446026179043
throttle:  0.362525792187113
brake:  0.0
velocity sent:  0.0015901001994856614
steer:  0.358446125397406
throttle:  0.362206000092624
brake:  0.0
velocity sent:  0.0015901001994856614
steer:  0.358446125397406
throttle:  0.362206000092624
brake:  0.0
velocity sent:  0.0015901001994856614
steer:  0.358446125397406
throttle:  0.362206000092624
brake:  0.0
velocity sent:  0.0023853967905822404
steer:  0.358446313038761
throttle:  0.362038987808494
brake:  0.0
velocity sent:  0.0023853967905822404
steer:  0.358446313038761
throttle:  0.362038987808494
brake:  0.0
velocity sent:  0.0017167368051181431
steer:  0.358446527816361
throttle:  0.362179406405441
brake:  0.0
velocity sent:  0.0017167368051181431
steer:  0.358446527816361
throttle:  0.362179406405441
brake:  0.0
velocity sent:  0.0024449006395702204
steer:  0.358446619460844
throttle:  0.362026492000206
brake:  0.0
velocity sent:  0.0024449006395702204
steer:  0.358446619460844
throttle:  0.362026492000206
brake:  0.0
velocity sent:  0.0024449006395702204
steer:  0.358446619460844
throttle:  0.362026492000206
brake:  0.0
velocity sent:  0.0005909825170061303
steer:  0.358446539575444
throttle:  0.362415814805945
brake:  0.0
velocity sent:  0.0005909825170061303
steer:  0.358446539575444
throttle:  0.362415814805945
brake:  0.0
velocity sent:  0.0026088520011750896
steer:  0.35844649299138
throttle:  0.361992062214269
brake:  0.0
velocity sent:  0.0026088520011750896
steer:  0.35844649299138
throttle:  0.361992062214269
brake:  0.0
velocity sent:  0.0026088520011750896
steer:  0.35844649299138
throttle:  0.361992062214269
brake:  0.0
velocity sent:  0.003863030935476546
steer:  0.358446314903465
throttle:  0.361728684638066
brake:  0.0
velocity sent:  0.003863030935476546
steer:  0.358446314903465
throttle:  0.361728684638066
brake:  0.0
velocity sent:  0.0032424831445448878
steer:  0.358446216871471
throttle:  0.361858999674162
brake:  0.0
velocity sent:  0.0032424831445448878
steer:  0.358446216871471
throttle:  0.361858999674162
brake:  0.0
velocity sent:  0.0032424831445448878
steer:  0.358446216871471
throttle:  0.361858999674162
brake:  0.0
velocity sent:  0.0005441472206042518
steer:  0.358446201720325
throttle:  0.362425650218189
brake:  0.0
velocity sent:  0.0005441472206042518
steer:  0.358446201720325
throttle:  0.362425650218189
brake:  0.0
velocity sent:  0.0017578404573957063
steer:  0.358446334069447
throttle:  0.362170774638463
brake:  0.0
velocity sent:  0.0017578404573957063
steer:  0.358446334069447
throttle:  0.362170774638463
brake:  0.0
velocity sent:  0.0
steer:  0.356748588953357
throttle:  0.362680021018971
brake:  0.0
velocity sent:  0.0
steer:  0.356748588953357
throttle:  0.362539393782379
brake:  0.0
velocity sent:  0.0
steer:  0.356748588953357
throttle:  0.362539393782379
brake:  0.0
velocity sent:  0.0038828783455064106
steer:  0.356748703663793
throttle:  0.361723989329823
brake: Error: No spirals generated 
Error: No spirals generated 
Error: No spirals generated 
Error: No spirals generated 
Error: No spirals generated 
Error: No spirals generated 
Error: No spirals generated 
Error: No spirals generated 
Error: No spirals generated 
Error: No spirals generated 
Error: No spirals generated 
Error: No spirals generated 
Error: No spirals generated 
Error: No spirals generated 
Error: No spirals generated 
Error: No spirals generated 
Error: No spirals generated 
Error: No spirals generated 
Error: No spirals generated 
Error: No spirals generated 
Error: No spirals generated 
Error: No spirals generated 
Error: No spirals generated 
Error: No spirals generated 
Error: No spirals generated 
Error: No spirals generated 
Error: No spirals generated 
Error: No spirals generated 
Error: No spirals generated 
Error: No spirals generated 
Error: No spirals generated 
Error: No spirals generated 
Error: No spirals generated 
Error: No spirals generated 
Error: No spirals generated 
Error: No spirals generated 
Error: No spirals generated 
Error: No spirals generated 
Error: No spirals generated 
Error: No spirals generated 
Error: No spirals generated 
Error: No spirals generated 
Error: No spirals generated 
Error: No spirals generated 
Error: No spirals generated 
Error: No spirals generated 
Error: No spirals generated 
Error: No spirals generated 
Error: No spirals generated 
Error: No spirals generated 
Error: No spirals generated 
Error: No spirals generated 
Error: No spirals generated 
Error: No spirals generated 
Error: No spirals generated 
Error: No spirals generated 
Error: No spirals generated 
Error: No spirals generated 
Error: No spirals generated 
Error: No spirals generated 
Error: No spirals generated 
Error: No spirals generated 
Error: No spirals generated 
Error: No spirals generated 
Error: No spirals generated 
Error: No spirals generated 
Error: No spirals generated 
Error: No spirals generated 
Error: No spirals generated 
Error: No spirals generated 
Error: No spirals generated 
Error: No spirals generated 
Error: No spirals generated 
Error: No spirals generated 
Error: No spirals generated 
Error: No spirals generated 
 0.0
velocity sent:  0.004568418033103671
steer:  0.356748652894338
throttle:  0.361580025995427
brake:  0.0
velocity sent:  0.004568418033103671
steer:  0.356748652894338
throttle:  0.361580025995427
brake:  0.0
velocity sent:  0.0010983548671522284
steer:  0.356748496856531
throttle:  0.362308739260277
brake:  0.0
velocity sent:  0.0010983548671522284
steer:  0.356748496856531
throttle:  0.362308739260277
brake:  0.0
velocity sent:  0.004464449326516985
steer:  0.35674840498582
throttle:  0.36160185942381
brake:  0.0
velocity sent:  0.004464449326516985
steer:  0.35674840498582
throttle:  0.36160185942381
brake:  0.0
velocity sent:  0.004464449326516985
steer:  0.35674840498582
throttle:  0.36160185942381
brake:  0.0
velocity sent:  0.0011013103248650655
steer:  0.356748261837691
throttle:  0.362308118614157
brake:  0.0
velocity sent:  0.0011013103248650655
steer:  0.356748261837691
throttle:  0.362308118614157
brake:  0.0
velocity sent:  0.0008250238464116566
steer:  0.356748185006833
throttle:  0.362366138774633
brake:  0.0
velocity sent:  0.0008250238464116566
steer:  0.356748185006833
throttle:  0.362366138774633
brake:  0.0
velocity sent:  0.0008250238464116566
steer:  0.356748185006833
throttle:  0.362366138774633
brake:  0.0
velocity sent:  0.000662694554977729
steer:  0.356748090704168
throttle:  0.362400227925834
brake:  0.0
velocity sent:  0.000662694554977729
steer:  0.356748090704168
throttle:  0.362400227925834
brake:  0.0
velocity sent:  0.0003312419720882163
steer:  0.356748051356356
throttle:  0.36246983296824
brake:  0.0
velocity sent:  0.0003312419720882163
steer:  0.356748051356356
throttle:  0.36246983296824
brake:  0.0
velocity sent:  0.0003312419720882163
steer:  0.356748051356356
throttle:  0.36246983296824
brake:  0.0
velocity sent:  0.0019806049844158513
steer:  0.356748196424922
throttle:  0.362123466735652
brake:  0.0
velocity sent:  0.0019806049844158513
steer:  0.356748196424922
throttle:  0.362123466735652
brake:  0.0
velocity sent:  0.0027913229471611886
steer:  0.356748453549556
throttle:  0.361953215963475
brake:  0.0
velocity sent:  0.0027913229471611886
steer:  0.356748453549556
throttle:  0.361953215963475
brake:  0.0
velocity sent:  0.0027913229471611886
steer:  0.356748453549556
throttle:  0.361953215963475
brake:  0.0
velocity sent:  0.0004364697498114944
steer:  0.356748497138282
throttle:  0.362447735134919
brake:  0.0
velocity sent:  0.0004364697498114944
steer:  0.356748497138282
throttle:  0.362447735134919
brake:  0.0
velocity sent:  0.001554998513045232
steer:  0.356748480459799
throttle:  0.362212844094639
brake:  0.0
velocity sent:  0.001554998513045232
steer:  0.356748480459799
throttle:  0.362212844094639
brake:  0.0
velocity sent:  0.001554998513045232
steer:  0.356748480459799
throttle:  0.362212844094639
brake:  0.0
velocity sent:  0.0007358991300571568
steer:  0.356748435740389
throttle:  0.362384854965067
brake:  0.0
velocity sent:  0.0007358991300571568
steer:  0.356748435740389
throttle:  0.362384854965067
brake:  0.0
velocity sent:  0.0019600688148295594
steer:  0.356748345055971
throttle:  0.362127779331265
brake:  0.0
velocity sent:  0.0019600688148295594
steer:  0.356748345055971
throttle:  0.362127779331265
brake:  0.0
velocity sent:  0.0019600688148295594
steer:  0.356748345055971
throttle:  0.362127779331265
brake:  0.0
velocity sent:  0.0008237029996039315
steer:  0.356748273370661
throttle:  0.362366416152462
brake:  0.0
velocity sent:  0.0008237029996039315
steer:  0.356748273370661
throttle:  0.362366416152462
brake:  0.0
velocity sent:  0.0007747556801126572
steer:  0.356748184213539
throttle:  0.362376695089555
brake:  0.0
velocity sent:  0.0007747556801126572
steer:  0.356748184213539
throttle:  0.362376695089555
brake:  0.0
velocity sent:  0.0007747556801126572
steer:  0.356748184213539
throttle:  0.362376695089555
brake:  0.0
velocity sent:  0.0006467484136661358
steer:  0.356748118463366
throttle:  0.362403576615509
brake:  0.0
velocity sent:  0.0006467484136661358
steer:  0.356748118463366
throttle:  0.362403576615509
brake:  0.0
velocity sent:  0.0005120918799921744
steer:  0.356748061758652
throttle:  0.362431854487581
brake:  0.0
velocity sent:  0.0005120918799921744
steer:  0.356748061758652
throttle:  0.362431854487581
brake:  0.0
velocity sent:  0.0005120918799921744
steer:  0.356748061758652
throttle:  0.362431854487581
brake:  0.0
velocity sent:  0.001703260799161852
steer:  0.35674813434857
throttle:  0.362181709014555
brake:  0.0
velocity sent:  0.001703260799161852
steer:  0.35674813434857
throttle:  0.362181709014555
brake:  0.0
velocity sent:  0.0024977636339731366
steer:  0.356748374398105
throttle:  0.362014863419245
brake:  0.0
velocity sent:  0.0024977636339731366
steer:  0.356748374398105
throttle:  0.362014863419245
brake:  0.0
velocity sent:  0.0024977636339731366
steer:  0.356748374398105
throttle:  0.362014863419245
brake:  0.0
velocity sent:  0.0
steer:  0.356748374398105
throttle:  0.362539393782379
brake:  0.0
velocity sent:  0.0
steer:  0.356748374398105
throttle:  0.362539393782379
brake:  0.0
velocity sent:  0.004988575131194565
steer:  0.356748566506553
throttle:  0.361491793004828
brake:  0.0
velocity sent:  0.004988575131194565
steer:  0.356748566506553
throttle:  0.361491793004828
brake:  0.0
velocity sent:  0.004988575131194565
steer:  0.356748566506553
throttle:  0.361491793004828
brake:  0.0
velocity sent:  0.004821761224616153
steer:  0.356748550280344
throttle:  0.36152682392521
brake:  0.0
velocity sent:  0.004821761224616153
steer:  0.356748550280344
throttle:  0.36152682392521
brake:  0.0
velocity sent:  0.0010317777523370002
steer:  0.356748380503792
throttle:  0.362322720454388
brake:  0.0
velocity sent:  0.0010317777523370002
steer:  0.356748380503792
throttle:  0.362322720454388
brake:  0.0
velocity sent:  0.0009720692738783674
steer:  0.356748307743431
throttle:  0.362335259234865
brake:  0.0
velocity sent:  0.0009720692738783674
steer:  0.356748307743431
throttle:  0.362335259234865
brake:  0.0
velocity sent:  0.0009720692738783674
steer:  0.356748307743431
throttle:  0.362335259234865
brake:  0.0
velocity sent:  0.0007749247921980535
steer:  0.356748214345348
throttle:  0.362376659576017
brake:  0.0
velocity sent:  0.0007749247921980535
steer:  0.356748214345348
throttle:  0.362376659576017
brake:  0.0
velocity sent:  0.0006959470654196339
steer:  0.356748152665648
throttle:  0.362393244898641
brake:  0.0
velocity sent:  0.0006959470654196339
steer:  0.356748152665648
throttle:  0.362393244898641
brake:  0.0
velocity sent:  0.0006959470654196339
steer:  0.355050403913827
throttle:  0.362392827330402
brake:  0.0
velocity sent:  0.0009566427042515378
steer:  0.355050403461554
throttle:  0.362338081246247
brake:  0.0
velocity sent:  0.0009566427042515378
steer:  0.355050403461554
throttle:  0.362338081246247
brake:  0.0
velocity sent:  0.0021640855135891157
steer:  0.355050576630266
throttle:  0.362084518256286
brake:  0.0
velocity sent:  0.0021640855135891157
steer:  0.355050576630266
throttle:  0.362084518256286
brake:  0.0
velocity sent:  0.0021640855135891157
steer:  0.355050816001253
throttle:  0.362084518256286
brake:  0.0
velocity sent:  0.0024676779894237852
steer:  0.355050816001253
throttle:  0.362020763836361
brake:  0.0
velocity sent:  0.0024676779894237852
steer:  0.355050816001253
throttle:  0.362020763836361
brake:  0.0
velocity sent:  0.001820739238809232
steer:  0.355050991204986
throttle:  0.36215662097399
brake:  0.0
velocity sent:  0.001820739238809232
steer:  0.355050991204986
throttle:  0.36215662097399
brake:  0.0
velocity sent:  0.0036688361312496387
steer:  0.355051080814245
throttle:  0.361768520626577
brake:  0.0
velocity sent:  0.0036688361312496387
steer:  0.355051080814245
throttle:  0.361768520626577
brake:  0.0
velocity sent:  0.0036688361312496387
steer:  0.355051080814245
throttle:  0.361768520626577Error: No spirals generated 
Error: No spirals generated 
Error: No spirals generated 
Error: No spirals generated 
Error: No spirals generated 
Error: No spirals generated 
Error: No spirals generated 
Error: No spirals generated 
Error: No spirals generated 
Error: No spirals generated 
Error: No spirals generated 
Error: No spirals generated 
Error: No spirals generated 
Error: No spirals generated 
Error: No spirals generated 
Error: No spirals generated 
Error: No spirals generated 
Error: No spirals generated 
Error: No spirals generated 
Error: No spirals generated 
Error: No spirals generated 
Error: No spirals generated 
Error: No spirals generated 
Error: No spirals generated 
Error: No spirals generated 
Error: No spirals generated 
Error: No spirals generated 
Error: No spirals generated 
Error: No spirals generated 
Error: No spirals generated 
Error: No spirals generated 
Error: No spirals generated 
Error: No spirals generated 
Error: No spirals generated 
Error: No spirals generated 
Error: No spirals generated 
Error: No spirals generated 
Error: No spirals generated 
Error: No spirals generated 
Error: No spirals generated 
Error: No spirals generated 
Error: No spirals generated 
Error: No spirals generated 
Error: No spirals generated 
Error: No spirals generated 
Error: No spirals generated 
Error: No spirals generated 
Error: No spirals generated 
Error: No spirals generated 
Error: No spirals generated 
Error: No spirals generated 
Error: No spirals generated 
Error: No spirals generated 
Error: No spirals generated 
Error: No spirals generated 
Error: No spirals generated 
Error: No spirals generated 
Error: No spirals generated 
Error: No spirals generated 
Error: No spirals generated 
Error: No spirals generated 
Error: No spirals generated 
Error: No spirals generated 
Error: No spirals generated 
Error: No spirals generated 
Error: No spirals generated 
Error: No spirals generated 
Error: No spirals generated 
Error: No spirals generated 
Error: No spirals generated 
Error: No spirals generated 
Error: No spirals generated 
Error: No spirals generated 
Error: No spirals generated 
Error: No spirals generated 

brake:  0.0
velocity sent:  0.002350667441589128
steer:  0.355050968420832
throttle:  0.362045336051406
brake:  0.0
velocity sent:  0.002350667441589128
steer:  0.355050968420832
throttle:  0.362045336051406
brake:  0.0
velocity sent:  0.0036871956200661415
steer:  0.355050897243509
throttle:  0.361764665133926
brake:  0.0
velocity sent:  0.0036871956200661415
steer:  0.355050897243509
throttle:  0.361764665133926
brake:  0.0
velocity sent:  0.0013523855708866739
steer:  0.355050754773897
throttle:  0.362254975244254
brake:  0.0
velocity sent:  0.0013523855708866739
steer:  0.355050754773897
throttle:  0.362254975244254
brake:  0.0
velocity sent:  0.0013523855708866739
steer:  0.355050754773897
throttle:  0.362254975244254
brake:  0.0
velocity sent:  0.0037251075631763247
steer:  0.355050664994042
throttle:  0.361756703625873
brake:  0.0
velocity sent:  0.0037251075631763247
steer:  0.355050664994042
throttle:  0.361756703625873
brake:  0.0
velocity sent:  0.001061419131923038
steer:  0.355050529423333
throttle:  0.362316078196436
brake:  0.0
velocity sent:  0.001061419131923038
steer:  0.355050529423333
throttle:  0.362316078196436
brake:  0.0
velocity sent:  0.0008564490280652032
steer:  0.355050438230985
throttle:  0.362359121918246
brake:  0.0
velocity sent:  0.0008564490280652032
steer:  0.355050438230985
throttle:  0.362359121918246
brake:  0.0
velocity sent:  0.0008564490280652032
steer:  0.355050438230985
throttle:  0.362359121918246
brake:  0.0
velocity sent:  0.0010805918575239517
steer:  0.355050460166246
throttle:  0.36231205192406
brake:  0.0
velocity sent:  0.0010805918575239517
steer:  0.355050460166246
throttle:  0.36231205192406
brake:  0.0
velocity sent:  0.0010805918575239517
steer:  0.355050460166246
throttle:  0.36231205192406
brake:  0.0
velocity sent:  0.0021776968369956913
steer:  0.3550506573054
throttle:  0.362081659878371
brake:  0.0
velocity sent:  0.0021776968369956913
steer:  0.3550506573054
throttle:  0.362081659878371
brake:  0.0
velocity sent:  0.0023364279462599323
steer:  0.355050923023048
throttle:  0.362048326345425
brake:  0.0
velocity sent:  0.0023364279462599323
steer:  0.355050923023048
throttle:  0.362048326345425
brake:  0.0
velocity sent:  0.0023364279462599323
steer:  0.355050923023048
throttle:  0.362048326345425
brake:  0.0
velocity sent:  0.0018954432674418286
steer:  0.355051129433513
throttle:  0.362140933127977
brake:  0.0
velocity sent:  0.0018954432674418286
steer:  0.355051129433513
throttle:  0.362140933127977
brake:  0.0
velocity sent:  0.003551462625326635
steer:  0.355051101674372
throttle:  0.361793169062821
brake:  0.0
velocity sent:  0.003551462625326635
steer:  0.355051101674372
throttle:  0.361793169062821
brake:  0.0
velocity sent:  0.003551462625326635
steer:  0.355051101674372
throttle:  0.361793169062821
brake:  0.0
velocity sent:  0.0037970678200561574
steer:  0.355051077874475
throttle:  0.361741591971928
brake:  0.0
velocity sent:  0.0037970678200561574
steer:  0.355051077874475
throttle:  0.361741591971928
brake:  0.0
velocity sent:  0.00046992252903580464
steer:  0.355050908324189
throttle:  0.362440292483042
brake:  0.0
velocity sent:  0.00046992252903580464
steer:  0.355050908324189
throttle:  0.362440292483042
brake:  0.0
velocity sent:  0.00046992252903580464
steer:  0.355050908324189
throttle:  0.362440292483042
brake:  0.0
velocity sent:  0.0031691519836678306
steer:  0.355050817754732
throttle:  0.361873454297569
brake:  0.0
velocity sent:  0.0031691519836678306
steer:  0.355050817754732
throttle:  0.361873454297569
brake:  0.0
velocity sent:  0.00126602912028468
steer:  0.355050668330472
throttle:  0.36227311009888
brake:  0.0
velocity sent:  0.00126602912028468
steer:  0.355050668330472
throttle:  0.36227311009888
brake:  0.0
velocity sent:  0.00126602912028468
steer:  0.355050668330472
throttle:  0.36227311009888
brake:  0.0
velocity sent:  0.0033740988797929077
steer:  0.355050574876794
throttle:  0.361830415449383
brake:  0.0
velocity sent:  0.0033740988797929077
steer:  0.355050574876794
throttle:  0.361830415449383
brake:  0.0
velocity sent:  0.0006763633502524468
steer:  0.355050524674463
throttle:  0.362396939910587
brake:  0.0
velocity sent:  0.0006763633502524468
steer:  0.355050524674463
throttle:  0.362396939910587
brake:  0.0
velocity sent:  0.0019739752453537714
steer:  0.355050683144247
throttle:  0.362124441412615
brake:  0.0
velocity sent:  0.0019739752453537714
steer:  0.355050683144247
throttle:  0.362124441412615
brake:  0.0
velocity sent:  0.0019739752453537714
steer:  0.355050683144247
throttle:  0.362124441412615
brake:  0.0
velocity sent:  0.0023770056990154473
steer:  0.355050888650329
throttle:  0.362039805017346
brake:  0.0
velocity sent:  0.0023770056990154473
steer:  0.355050888650329
throttle:  0.362039805017346
brake:  0.0
velocity sent:  0.002043031794574669
steer:  0.355051112814375
throttle:  0.362109939537279
brake:  0.0
velocity sent:  0.002043031794574669
steer:  0.355051112814375
throttle:  0.362109939537279
brake:  0.0
velocity sent:  0.0023348573581252062
steer:  0.355051197504214
throttle:  0.362048656168933
brake:  0.0
velocity sent:  0.0023348573581252062
steer:  0.355051197504214
throttle:  0.362048656168933
brake:  0.0
velocity sent:  0.0023348573581252062
steer:  0.355051197504214
throttle:  0.362048656168933
brake:  0.0
velocity sent:  0.004080507389764754
steer:  0.355051230690617
throttle:  0.361682069662289
brake:  0.0
velocity sent:  0.004080507389764754
steer:  0.355051230690617
throttle:  0.361682069662289
brake:  0.0
velocity sent:  0.0028640675301661793
steer:  0.355051124402918
throttle:  0.361937522032805
brake:  0.0
velocity sent:  0.0028640675301661793
steer:  0.355051124402918
throttle:  0.361937522032805
brake:  0.0
velocity sent:  0.0028640675301661793
steer:  0.353353381655173
throttle:  0.361935803592287
brake:  0.0
velocity sent:  0.0030475000618824773
steer:  0.353353274069957
throttle:  0.361897282760626
brake:  0.0
velocity sent:  0.0036075438297365234
steer:  0.353353061776164
throttle:  0.361779673569377
brake:  0.0
velocity sent:  0.0036075438297365234
steer:  0.353353061776164
throttle:  0.361779673569377
brake:  0.0
velocity sent:  0.0036075438297365234
steer:  0.353353061776164
throttle:  0.361779673569377
brake:  0.0
velocity sent:  0.00016762472165160428
steer:  0.353353018131836
throttle:  0.362502056582075
brake:  0.0
velocity sent:  0.00016762472165160428
steer:  0.353353018131836
throttle:  0.362502056582075
brake:  0.0
velocity sent:  0.00016762472165160428
steer:  0.353353018131836
throttle:  0.362502056582075
brake:  0.0
velocity sent:  0.00133654370967461
steer:  0.353353095641009
throttle:  0.36225658359459
brake:  0.0
velocity sent:  0.00133654370967461
steer:  0.353353095641009
throttle:  0.36225658359459
brake:  0.0
velocity sent:  0.0010547019769252437
steer:  0.353353248457241
throttle:  0.362315770358467
brake:  0.0
velocity sent:  0.0010547019769252437
steer:  0.353353248457241
throttle:  0.362315770358467
brake:  0.0
velocity sent:  0.0010547019769252437
steer:  0.353353248457241
throttle:  0.362315770358467
brake:  0.0
velocity sent:  0.0015322331338999547
steer:  0.353353259764053
throttle:  0.362215488815503
brake:  0.0
velocity sent:  0.0015322331338999547
steer:  0.353353259764053
throttle:  0.362215488815503
brake:  0.0
velocity sent:  0.005344979375855492
steer:  0.353353258407235
throttle:  0.361414812104692
brake:  0.0
velocity sent:  0.005344979375855492
steer:  0.353353258407235
throttle:  0.361414812104692
brake:  0.0
velocity sent:  0.005344979375855492
steer:  0.353353258407235
throttle:  0.361414812104692
brake:  0.0
velocity sent:  0.0013243656249122013
steer:  0.353353062002301
throttle:  0.36225914099239
brake:  0.0
velocity sent:  0.0013243656249122013
steer:  0.353353062002301
throttle:  0.36225914099239
brake:  0.0
velocity sent:  0.0013243656249122013Error: No spirals generated 
Error: No spirals generated 
Error: No spirals generated 
Error: No spirals generated 
Error: No spirals generated 
Error: No spirals generated 
Error: No spirals generated 
Error: No spirals generated 
Error: No spirals generated 
Error: No spirals generated 
Error: No spirals generated 
Error: No spirals generated 
Error: No spirals generated 
Error: No spirals generated 
Error: No spirals generated 
Error: No spirals generated 
Error: No spirals generated 
Error: No spirals generated 
Error: No spirals generated 
Error: No spirals generated 
Error: No spirals generated 
Error: No spirals generated 
Error: No spirals generated 
Error: No spirals generated 
Error: No spirals generated 
Error: No spirals generated 
Error: No spirals generated 
Error: No spirals generated 
Error: No spirals generated 
Error: No spirals generated 
Error: No spirals generated 
Error: No spirals generated 
Error: No spirals generated 
Error: No spirals generated 
Error: No spirals generated 
Error: No spirals generated 
Error: No spirals generated 
Error: No spirals generated 
Error: No spirals generated 
Error: No spirals generated 
Error: No spirals generated 
Error: No spirals generated 
Error: No spirals generated 
Error: No spirals generated 
Error: No spirals generated 
Error: No spirals generated 
Error: No spirals generated 
Error: No spirals generated 
Error: No spirals generated 
Error: No spirals generated 
Error: No spirals generated 
Error: No spirals generated 
Error: No spirals generated 
Error: No spirals generated 
Error: No spirals generated 
Error: No spirals generated 
Error: No spirals generated 
Error: No spirals generated 
Error: No spirals generated 
Error: No spirals generated 
Error: No spirals generated 
Error: No spirals generated 
Error: No spirals generated 
Error: No spirals generated 
Error: No spirals generated 
Error: No spirals generated 
Error: No spirals generated 
Error: No spirals generated 
Error: No spirals generated 
Error: No spirals generated 
Error: No spirals generated 
Error: No spirals generated 
Error: No spirals generated 
Error: No spirals generated 
Error: No spirals generated 
Error: No spirals generated 

steer:  0.353353062002301
throttle:  0.36225914099239
brake:  0.0
velocity sent:  0.0
steer:  0.353353062002301
throttle:  0.362537257773622
brake:  0.0
velocity sent:  0.0
steer:  0.353353062002301
throttle:  0.362537257773622
brake:  0.0
velocity sent:  0.0033923147972055533
steer:  0.353352810531179
throttle:  0.361824871666209
brake:  0.0
velocity sent:  0.0033923147972055533
steer:  0.353352810531179
throttle:  0.361824871666209
brake:  0.0
velocity sent:  0.0033923147972055533
steer:  0.353352810531179
throttle:  0.361824871666209
brake:  0.0
velocity sent:  0.0033923147972055533
steer:  0.353352810531179
throttle:  0.361824871666209
brake:  0.0
velocity sent:  0.0007592539701147977
steer:  0.353352743932118
throttle:  0.362377814439898
brake:  0.0
velocity sent:  0.0007592539701147977
steer:  0.353352743932118
throttle:  0.362377814439898
brake:  0.0
velocity sent:  0.0035680919959539216
steer:  0.353352632669227
throttle:  0.361787958454471
brake:  0.0
velocity sent:  0.0035680919959539216
steer:  0.353352632669227
throttle:  0.361787958454471
brake:  0.0
velocity sent:  0.0012711374730599626
steer:  0.353352674167131
throttle:  0.362270318904279
brake:  0.0
velocity sent:  0.0012711374730599626
steer:  0.353352674167131
throttle:  0.362270318904279
brake:  0.0
velocity sent:  0.0012711374730599626
steer:  0.353352674167131
throttle:  0.362270318904279
brake:  0.0
velocity sent:  0.0023999146002324522
steer:  0.353352875547272
throttle:  0.362033275707573
brake:  0.0
velocity sent:  0.0023999146002324522
steer:  0.353352875547272
throttle:  0.362033275707573
brake:  0.0
velocity sent:  0.0026353205517579523
steer:  0.353353128938661
throttle:  0.361983840457753
brake:  0.0
velocity sent:  0.0026353205517579523
steer:  0.353353128938661
throttle:  0.361983840457753
brake:  0.0
velocity sent:  0.0026353205517579523
steer:  0.353353128938661
throttle:  0.361983840457753
brake:  0.0
velocity sent:  0.0021186698258436306
steer:  0.353353380353957
throttle:  0.362092337110195
brake:  0.0
velocity sent:  0.0021186698258436306
steer:  0.353353380353957
throttle:  0.362092337110195
brake:  0.0
velocity sent:  0.0021186698258436306
steer:  0.353353380353957
throttle:  0.362092337110195
brake:  0.0
velocity sent:  8.032980967311467e-05
steer:  0.353353376902581
throttle:  0.36252038851359
brake:  0.0
velocity sent:  8.032980967311467e-05
steer:  0.353353376902581
throttle:  0.36252038851359
brake:  0.0
velocity sent:  0.005173653010907572
steer:  0.353353390359546
throttle:  0.361450790641331
brake:  0.0
velocity sent:  0.005173653010907572
steer:  0.353353390359546
throttle:  0.361450790641331
brake:  0.0
velocity sent:  0.0009924332115591674
steer:  0.353353184964852
throttle:  0.362328846799194
brake:  0.0
velocity sent:  0.0009924332115591674
steer:  0.353353184964852
throttle:  0.362328846799194
brake:  0.0
velocity sent:  0.0009924332115591674
steer:  0.353353184964852
throttle:  0.362328846799194
brake:  0.0
velocity sent:  0.004167848319977169
steer:  0.353353085972757
throttle:  0.361662009626426
brake:  0.0
velocity sent:  0.004167848319977169
steer:  0.353353085972757
throttle:  0.361662009626426
brake:  0.0
velocity sent:  0.0013211978511084702
steer:  0.353352932422439
throttle:  0.362259806224889
brake:  0.0
velocity sent:  0.0013211978511084702
steer:  0.353352932422439
throttle:  0.362259806224889
brake:  0.0
velocity sent:  0.0013211978511084702
steer:  0.353352932422439
throttle:  0.362259806224889
brake:  0.0
velocity sent:  0.00114450834479116
steer:  0.353352813470955
throttle:  0.362296911021216
brake:  0.0
velocity sent:  0.00114450834479116
steer:  0.353352813470955
throttle:  0.362296911021216
brake:  0.0
velocity sent:  0.0004430386033179728
steer:  0.353352759083274
throttle:  0.362444219666925
brake:  0.0
velocity sent:  0.0004430386033179728
steer:  0.353352759083274
throttle:  0.362444219666925
brake:  0.0
velocity sent:  0.001875769635978053
steer:  0.353352897030243
throttle:  0.362143346150066
brake:  0.0
velocity sent:  0.001875769635978053
steer:  0.353352897030243
throttle:  0.362143346150066
brake:  0.0
velocity sent:  0.001875769635978053
steer:  0.353352897030243
throttle:  0.362143346150066
brake:  0.0
velocity sent:  0.002339451189514401
steer:  0.353353099767075
throttle:  0.362045973023824
brake:  0.0
velocity sent:  0.002339451189514401
steer:  0.353353099767075
throttle:  0.362045973023824
brake:  0.0
velocity sent:  0.0018520381221693739
steer:  0.353353312227649
throttle:  0.362148329767966
brake:  0.0
velocity sent:  0.0018520381221693739
steer:  0.353353312227649
throttle:  0.362148329767966
brake:  0.0
velocity sent:  7.795987171399166e-05
steer:  0.353353326755965
throttle:  0.362520886200562
brake:  0.0
velocity sent:  7.795987171399166e-05
steer:  0.353353326755965
throttle:  0.362520886200562
brake:  0.0
velocity sent:  7.795987171399166e-05
steer:  0.353353326755965
throttle:  0.362520886200562
brake:  0.0
velocity sent:  0.0028812678317821578
steer:  0.351655578932839
throttle:  0.361707039123831
brake:  0.0
velocity sent:  0.0028812678317821578
steer:  0.351655580598708
throttle:  0.361931303760636
brake:  0.0
velocity sent:  0.0023336881513076387
steer:  0.351655435471158
throttle:  0.362046295493536
brake:  0.0
velocity sent:  0.0023336881513076387
steer:  0.351655435471158
throttle:  0.362046295493536
brake:  0.0
velocity sent:  0.0023336881513076387
steer:  0.351655435471158
throttle:  0.362046295493536
brake:  0.0
velocity sent:  0.0036536413850879437
steer:  0.35165534100179
throttle:  0.361769105314442
brake:  0.0
velocity sent:  0.0036536413850879437
steer:  0.35165534100179
throttle:  0.361769105314442
brake:  0.0
velocity sent:  0.002343816885167555
steer:  0.351655161049124
throttle:  0.362044168459425
brake:  0.0
velocity sent:  0.002343816885167555
steer:  0.351655161049124
throttle:  0.362044168459425
brake:  0.0
velocity sent:  0.002343816885167555
steer:  0.351655161049124
throttle:  0.362044168459425
brake:  0.0
velocity sent:  0.001016372446783934
steer:  0.351655050409068
throttle:  0.362322931791486
brake:  0.0
velocity sent:  0.001016372446783934
steer:  0.351655050409068
throttle:  0.362322931791486
brake:  0.0
velocity sent:  0.001016372446783934
steer:  0.351655050409068
throttle:  0.362322931791486
brake:  0.0
velocity sent:  0.002494953900234774
steer:  0.351654922864349
throttle:  0.362012429686261
brake:  0.0
velocity sent:  0.002494953900234774
steer:  0.351654922864349
throttle:  0.362012429686261
brake:  0.0
velocity sent:  0.003692957864474273
steer:  0.351654854682306
throttle:  0.361760848853771
brake:  0.0
velocity sent:  0.003692957864474273
steer:  0.351654854682306
throttle:  0.361760848853771
brake:  0.0
velocity sent:  0.003692957864474273
steer:  0.351654854682306
throttle:  0.361760848853771
brake:  0.0
velocity sent:  0.0011430029493258494
steer:  0.351654864521066
throttle:  0.362296339385952
brake:  0.0
velocity sent:  0.0011430029493258494
steer:  0.351654864521066
throttle:  0.362296339385952
brake:  0.0
velocity sent:  0.0022910672660196377
steer:  0.351655062338686
throttle:  0.362055245879446
brake:  0.0
velocity sent:  0.0022910672660196377
steer:  0.351655062338686
throttle:  0.362055245879446
brake:  0.0
velocity sent:  0.0022910672660196377
steer:  0.351655062338686
throttle:  0.362055245879446
brake:  0.0
velocity sent:  0.0026310731457633188
steer:  0.351655339137087
throttle:  0.3619838446447
brake:  0.0
velocity sent:  0.0026310731457633188
steer:  0.351655339137087
throttle:  0.3619838446447
brake:  0.0
velocity sent:  0.0018659426053520892
steer:  0.35165555906017
throttle:  0.362144522058187
brake:  0.0
velocity sent:  0.0018659426053520892
steer:  0.35165555906017
throttle:  0.362144522058187
brake:  0.0
velocity sent:  0.0012826143709829
steer:  0.351655643920553
throttle:  0.362267020987404
brake:  0.0
velocity sent:  0.0012826143709829Error: No spirals generated 
Error: No spirals generated 
Error: No spirals generated 
Error: No spirals generated 
Error: No spirals generated 
Error: No spirals generated 
Error: No spirals generated 
Error: No spirals generated 
Error: No spirals generated 
Error: No spirals generated 
Error: No spirals generated 
Error: No spirals generated 
Error: No spirals generated 
Error: No spirals generated 
Error: No spirals generated 
Error: No spirals generated 
Error: No spirals generated 
Error: No spirals generated 
Error: No spirals generated 
Error: No spirals generated 
Error: No spirals generated 
Error: No spirals generated 
Error: No spirals generated 
Error: No spirals generated 
Error: No spirals generated 
Error: No spirals generated 
Error: No spirals generated 
Error: No spirals generated 
Error: No spirals generated 
Error: No spirals generated 
Error: No spirals generated 
Error: No spirals generated 
Error: No spirals generated 
Error: No spirals generated 
Error: No spirals generated 
Error: No spirals generated 
Error: No spirals generated 
Error: No spirals generated 
Error: No spirals generated 
Error: No spirals generated 
Error: No spirals generated 
Error: No spirals generated 
Error: No spirals generated 
Error: No spirals generated 
Error: No spirals generated 
Error: No spirals generated 
Error: No spirals generated 
Error: No spirals generated 
Error: No spirals generated 
Error: No spirals generated 
Error: No spirals generated 
Error: No spirals generated 
Error: No spirals generated 
Error: No spirals generated 
Error: No spirals generated 
Error: No spirals generated 
Error: No spirals generated 
Error: No spirals generated 
Error: No spirals generated 
Error: No spirals generated 
Error: No spirals generated 
Error: No spirals generated 
Error: No spirals generated 
Error: No spirals generated 
Error: No spirals generated 
Error: No spirals generated 
Error: No spirals generated 
Error: No spirals generated 
Error: No spirals generated 
Error: No spirals generated 
Error: No spirals generated 
Error: No spirals generated 
Error: No spirals generated 
Error: No spirals generated 
Error: No spirals generated 
Error: No spirals generated 
Error: No spirals generated 

steer:  0.351655643920553
throttle:  0.362267020987404
brake:  0.0
velocity sent:  0.0012826143709829
steer:  0.351655643920553
throttle:  0.362267020987404
brake:  0.0
velocity sent:  0.0017850679317117988
steer:  0.351655578734016
throttle:  0.362161505739651
brake:  0.0
velocity sent:  0.0017850679317117988
steer:  0.351655578734016
throttle:  0.362161505739651
brake:  0.0
velocity sent:  0.005847121463924448
steer:  0.351655533562385
throttle:  0.361308474497886
brake:  0.0
velocity sent:  0.005847121463924448
steer:  0.351655533562385
throttle:  0.361308474497886
brake:  0.0
velocity sent:  0.005847121463924448
steer:  0.351655533562385
throttle:  0.361308474497886
brake:  0.0
velocity sent:  0.0015229300163083445
steer:  0.351655330996178
throttle:  0.362216554701886
brake:  0.0
velocity sent:  0.0015229300163083445
steer:  0.351655330996178
throttle:  0.362216554701886
brake:  0.0
velocity sent:  0.0038645267724736546
steer:  0.351655220130034
throttle:  0.361724819383091
brake:  0.0
velocity sent:  0.0038645267724736546
steer:  0.351655220130034
throttle:  0.361724819383091
brake:  0.0
velocity sent:  0.0038645267724736546
steer:  0.351655220130034
throttle:  0.361724819383091
brake:  0.0
velocity sent:  0.00020965644753210343
steer:  0.351655129163873
throttle:  0.362492342151329
brake:  0.0
velocity sent:  0.00020965644753210343
steer:  0.351655129163873
throttle:  0.362492342151329
brake:  0.0
velocity sent:  0.001610085321619526
steer:  0.351655236637997
throttle:  0.36219825208777
brake:  0.0
velocity sent:  0.001610085321619526
steer:  0.351655236637997
throttle:  0.36219825208777
brake:  0.0
velocity sent:  0.002079759169025174
steer:  0.351655420887219
throttle:  0.362099620579815
brake:  0.0
velocity sent:  0.002079759169025174
steer:  0.351655420887219
throttle:  0.362099620579815
brake:  0.0
velocity sent:  0.002079759169025174
steer:  0.351655420887219
throttle:  0.362099620579815
brake:  0.0
velocity sent:  0.0015028948613185406
steer:  0.351655589929619
throttle:  0.362220762084434
brake:  0.0
velocity sent:  0.0015028948613185406
steer:  0.351655589929619
throttle:  0.362220762084434
brake:  0.0
velocity sent:  9.413940520818196e-05
steer:  0.351655561829408
throttle:  0.362516600730217
brake:  0.0
velocity sent:  9.413940520818196e-05
steer:  0.351655561829408
throttle:  0.362516600730217
brake:  0.0
velocity sent:  9.413940520818196e-05
steer:  0.351655561829408
throttle:  0.362516600730217
brake:  0.0
velocity sent:  0.00418186710249275
steer:  0.351655549562451
throttle:  0.361658177913787
brake:  0.0
velocity sent:  0.00418186710249275
steer:  0.351655549562451
throttle:  0.361658177913787
brake:  0.0
velocity sent:  0.0
steer:  0.351655549562451
throttle:  0.362536370005311
brake:  0.0
velocity sent:  0.0
steer:  0.351655549562451
throttle:  0.362536370005311
brake:  0.0
velocity sent:  0.0
steer:  0.351655549562451
throttle:  0.362536370005311
brake:  0.0
velocity sent:  0.0021414661929136294
steer:  0.351655395615562
throttle:  0.362086662104799
brake:  0.0
velocity sent:  0.0021414661929136294
steer:  0.351655395615562
throttle:  0.362086662104799
brake:  0.0
velocity sent:  0.0011702848473011203
steer:  0.351655302106333
throttle:  0.362290610187377
brake:  0.0
velocity sent:  0.0011702848473011203
steer:  0.351655302106333
throttle:  0.362290610187377
brake:  0.0
velocity sent:  0.001143850964737033
steer:  0.351655191014044
throttle:  0.362296161302716
brake:  0.0
velocity sent:  0.001143850964737033
steer:  0.351655191014044
throttle:  0.362296161302716
brake:  0.0
velocity sent:  0.001143850964737033
steer:  0.351655191014044
throttle:  0.362296161302716
brake:  0.0
velocity sent:  0.0006203346245463832
steer:  0.351655161898052
throttle:  0.362406099734156
brake:  0.0
velocity sent:  0.0006203346245463832
steer:  0.351655161898052
throttle:  0.362406099734156
brake:  0.0
velocity sent:  0.0016415187218569603
steer:  0.351655309060948
throttle:  0.362191651073721
brake:  0.0
velocity sent:  0.0016415187218569603
steer:  0.351655309060948
throttle:  0.362191651073721
brake:  0.0
velocity sent:  0.0016415187218569603
steer:  0.349957563568397
throttle:  0.362190666162488
brake:  0.0
velocity sent:  0.002198998152134228
steer:  0.34995775929493
throttle:  0.362073595482129
brake:  0.0
velocity sent:  0.002198998152134228
steer:  0.34995775929493
throttle:  0.362073595482129
brake:  0.0
velocity sent:  0.0012481923782504873
steer:  0.349957926639414
throttle:  0.362273264694645
brake:  0.0
velocity sent:  0.0012481923782504873
steer:  0.349957926639414
throttle:  0.362273264694645
brake:  0.0
velocity sent:  0.0040317190663567825
steer:  0.349957996912126
throttle:  0.361688724090143
brake:  0.0
velocity sent:  0.0040317190663567825
steer:  0.349957996912126
throttle:  0.361688724090143
brake:  0.0
velocity sent:  0.0040317190663567825
steer:  0.349957996912126
throttle:  0.361688724090143
brake:  0.0
velocity sent:  0.0018657008525272928
steer:  0.349957866146138
throttle:  0.362143587915047
brake:  0.0
velocity sent:  0.0018657008525272928
steer:  0.349957866146138
throttle:  0.362143587915047
brake:  0.0
velocity sent:  0.004900834799979483
steer:  0.349957775632343
throttle:  0.361506209786082
brake:  0.0
velocity sent:  0.004900834799979483
steer:  0.349957775632343
throttle:  0.361506209786082
brake:  0.0
velocity sent:  0.004900834799979483
steer:  0.349957775632343
throttle:  0.361506209786082
brake:  0.0
velocity sent:  0.0
steer:  0.349957775632343
throttle:  0.362535385094077
brake:  0.0
velocity sent:  0.0
steer:  0.349957775632343
throttle:  0.362535385094077
brake:  0.0
velocity sent:  0.0029643201403693085
steer:  0.349957606363784
throttle:  0.3619128778646
brake:  0.0
velocity sent:  0.0029643201403693085
steer:  0.349957606363784
throttle:  0.3619128778646
brake:  0.0
velocity sent:  0.0007437834999097949
steer:  0.349957583186651
throttle:  0.362379190559096
brake:  0.0
velocity sent:  0.0007437834999097949
steer:  0.349957583186651
throttle:  0.362379190559096
brake:  0.0
velocity sent:  0.0007437834999097949
steer:  0.349957583186651
throttle:  0.362379190559096
brake:  0.0
velocity sent:  0.0015474688023370605
steer:  0.349957700836852
throttle:  0.362210416645587
brake:  0.0
velocity sent:  0.0015474688023370605
steer:  0.349957700836852
throttle:  0.362210416645587
brake:  0.0
velocity sent:  0.0018738219420527135
steer:  0.349957877849615
throttle:  0.362141882486246
brake:  0.0
velocity sent:  0.0018738219420527135
steer:  0.349957877849615
throttle:  0.362141882486246
brake:  0.0
velocity sent:  0.0030390863363438997
steer:  0.349957970680347
throttle:  0.361897176963445
brake:  0.0
velocity sent:  0.0030390863363438997
steer:  0.349957970680347
throttle:  0.361897176963445
brake:  0.0
velocity sent:  0.0030390863363438997
steer:  0.349957970680347
throttle:  0.361897176963445
brake:  0.0
velocity sent:  0.0028377869774523323
steer:  0.349957891021111
throttle:  0.361939449828812
brake:  0.0
velocity sent:  0.0028377869774523323
steer:  0.349957891021111
throttle:  0.361939449828812
brake:  0.0
velocity sent:  0.0027358185066980643
steer:  0.349957785752868
throttle:  0.361960863207671
brake:  0.0
velocity sent:  0.0027358185066980643
steer:  0.349957785752868
throttle:  0.361960863207671
brake:  0.0
velocity sent:  0.0016083546141271768
steer:  0.349957671891406
throttle:  0.362197630625111
brake:  0.0
velocity sent:  0.0016083546141271768
steer:  0.349957671891406
throttle:  0.362197630625111
brake:  0.0
velocity sent:  0.0016083546141271768
steer:  0.349957671891406
throttle:  0.362197630625111
brake:  0.0
velocity sent:  0.002673291073060647
steer:  0.349957566960443
throttle:  0.361973993968735
brake:  0.0
velocity sent:  0.002673291073060647
steer:  0.349957566960443
throttle:  0.361973993968735
brake:  0.0
velocity sent:  0.0012253024891667032
steer:  0.349957438344409
throttle: Error: No spirals generated 
Error: No spirals generated 
Error: No spirals generated 
Error: No spirals generated 
Error: No spirals generated 
Error: No spirals generated 
Error: No spirals generated 
Error: No spirals generated 
Error: No spirals generated 
Error: No spirals generated 
Error: No spirals generated 
Error: No spirals generated 
Error: No spirals generated 
Error: No spirals generated 
Error: No spirals generated 
Error: No spirals generated 
Error: No spirals generated 
Error: No spirals generated 
Error: No spirals generated 
Error: No spirals generated 
Error: No spirals generated 
Error: No spirals generated 
Error: No spirals generated 
Error: No spirals generated 
Error: No spirals generated 
Error: No spirals generated 
Error: No spirals generated 
Error: No spirals generated 
Error: No spirals generated 
Error: No spirals generated 
Error: No spirals generated 
Error: No spirals generated 
Error: No spirals generated 
Error: No spirals generated 
Error: No spirals generated 
Error: No spirals generated 
Error: No spirals generated 
Error: No spirals generated 
Error: No spirals generated 
Error: No spirals generated 
Error: No spirals generated 
Error: No spirals generated 
Error: No spirals generated 
Error: No spirals generated 
Error: No spirals generated 
Error: No spirals generated 
Error: No spirals generated 
Error: No spirals generated 
Error: No spirals generated 
Error: No spirals generated 
Error: No spirals generated 
Error: No spirals generated 
Error: No spirals generated 
Error: No spirals generated 
Error: No spirals generated 
Error: No spirals generated 
Error: No spirals generated 
Error: No spirals generated 
Error: No spirals generated 
Error: No spirals generated 
Error: No spirals generated 
Error: No spirals generated 
Error: No spirals generated 
Error: No spirals generated 
Error: No spirals generated 
Error: No spirals generated 
Error: No spirals generated 
Error: No spirals generated 
Error: No spirals generated 
Error: No spirals generated 
Error: No spirals generated 
Error: No spirals generated 
Error: No spirals generated 
Error: No spirals generated 
Error: No spirals generated 
Error: No spirals generated 
 0.362278071571352
brake:  0.0
velocity sent:  0.0012253024891667032
steer:  0.349957438344409
throttle:  0.362278071571352
brake:  0.0
velocity sent:  0.0012253024891667032
steer:  0.349957438344409
throttle:  0.362278071571352
brake:  0.0
velocity sent:  0.00021103991120342884
steer:  0.349957339519067
throttle:  0.362491066712725
brake:  0.0
velocity sent:  0.00021103991120342884
steer:  0.349957339519067
throttle:  0.362491066712725
brake:  0.0
velocity sent:  0.0013352136418228857
steer:  0.349957421947677
throttle:  0.362254990229295
brake:  0.0
velocity sent:  0.0013352136418228857
steer:  0.349957421947677
throttle:  0.362254990229295
brake:  0.0
velocity sent:  0.00213001009491653
steer:  0.349957609362859
throttle:  0.362088082974145
brake:  0.0
velocity sent:  0.00213001009491653
steer:  0.349957609362859
throttle:  0.362088082974145
brake:  0.0
velocity sent:  0.00213001009491653
steer:  0.349957609362859
throttle:  0.362088082974145
brake:  0.0
velocity sent:  0.0022452988227882782
steer:  0.349957822727996
throttle:  0.362063872341292
brake:  0.0
velocity sent:  0.0022452988227882782
steer:  0.349957822727996
throttle:  0.362063872341292
brake:  0.0
velocity sent:  0.0009896472360012563
steer:  0.349957964463478
throttle:  0.362327559174517
brake:  0.0
velocity sent:  0.0009896472360012563
steer:  0.349957964463478
throttle:  0.362327559174517
brake:  0.0
velocity sent:  0.0018325133449780039
steer:  0.349957922342828
throttle:  0.362150557291632
brake:  0.0
velocity sent:  0.0018325133449780039
steer:  0.349957922342828
throttle:  0.362150557291632
brake:  0.0
velocity sent:  0.0018325133449780039
steer:  0.349957922342828
throttle:  0.362150557291632
brake:  0.0
velocity sent:  0.004961208851006187
steer:  0.34995788983483
throttle:  0.361493531235366
brake:  0.0
velocity sent:  0.004961208851006187
steer:  0.34995788983483
throttle:  0.361493531235366
brake:  0.0
velocity sent:  0.004961208851006187
steer:  0.34995788983483
throttle:  0.361493531235366
brake:  0.0
velocity sent:  0.001485408645414169
steer:  0.349957716610784
throttle:  0.36222344927854
brake:  0.0
velocity sent:  0.001485408645414169
steer:  0.349957716610784
throttle:  0.36222344927854
brake:  0.0
velocity sent:  0.00477004095132411
steer:  0.34995760122195
throttle:  0.361533676494299
brake:  0.0
velocity sent:  0.00477004095132411
steer:  0.34995760122195
throttle:  0.361533676494299
brake:  0.0
velocity sent:  0.00477004095132411
steer:  0.34995760122195
throttle:  0.361533676494299
brake:  0.0
velocity sent:  0.0013398445182669736
steer:  0.349957425113589
throttle:  0.362254017745241
brake:  0.0
velocity sent:  0.0013398445182669736
steer:  0.349957425113589
throttle:  0.362254017745241
brake:  0.0
velocity sent:  0.001174579473772049
steer:  0.34995732080535
throttle:  0.362288723404585
brake:  0.0
velocity sent:  0.001174579473772049
steer:  0.34995732080535
throttle:  0.362288723404585
brake:  0.0
velocity sent:  0.0006798481042253766
steer:  0.349957270488124
throttle:  0.36239261699219
brake:  0.0
velocity sent:  0.0006798481042253766
steer:  0.349957270488124
throttle:  0.36239261699219
brake:  0.0
velocity sent:  0.0006798481042253766
steer:  0.349957270488124
throttle:  0.36239261699219
brake:  0.0
velocity sent:  0.0019096402449491675
steer:  0.348259749901635
throttle:  0.362035200424875
brake:  0.0
velocity sent:  0.0019096402449491675
steer:  0.348259667887359
throttle:  0.362133583796133
brake:  0.0
velocity sent:  0.0023495911306418184
steer:  0.348259883513973
throttle:  0.362041194110138
brake:  0.0
velocity sent:  0.0023495911306418184
steer:  0.348259883513973
throttle:  0.362041194110138
brake:  0.0
velocity sent:  0.0029258143933273673
steer:  0.348260151548434
throttle:  0.361920187224974
brake:  0.0
velocity sent:  0.0029258143933273673
steer:  0.348260151548434
throttle:  0.361920187224974
brake:  0.0
velocity sent:  0.0029258143933273673
steer:  0.348260151548434
throttle:  0.361920187224974
brake:  0.0
velocity sent:  0.003605762938796204
steer:  0.348260161895094
throttle:  0.361777398030426
brake:  0.0
velocity sent:  0.003605762938796204
steer:  0.348260161895094
throttle:  0.361777398030426
brake:  0.0
velocity sent:  0.00436948614018258
steer:  0.348260016767556
throttle:  0.361617016158134
brake:  0.0
velocity sent:  0.00436948614018258
steer:  0.348260016767556
throttle:  0.361617016158134
brake:  0.0
velocity sent:  0.00436948614018258
steer:  0.348260016767556
throttle:  0.361617016158134
brake:  0.0
velocity sent:  0.0036012208574832927
steer:  0.348259892674343
throttle:  0.361778351867501
brake:  0.0
velocity sent:  0.0036012208574832927
steer:  0.348259892674343
throttle:  0.361778351867501
brake:  0.0
velocity sent:  0.0015589335547925552
steer:  0.348259744833056
throttle:  0.362207232201066
brake:  0.0
velocity sent:  0.0015589335547925552
steer:  0.348259744833056
throttle:  0.362207232201066
brake:  0.0
velocity sent:  0.0013489261042666338
steer:  0.348259625147549
throttle:  0.362251333765677
brake:  0.0
velocity sent:  0.0013489261042666338
steer:  0.348259625147549
throttle:  0.362251333765677
brake:  0.0
velocity sent:  0.0013489261042666338
steer:  0.348259625147549
throttle:  0.362251333765677
brake:  0.0
velocity sent:  0.0009724097221542747
steer:  0.348259519085824
throttle:  0.36233040220592
brake:  0.0
velocity sent:  0.0009724097221542747
steer:  0.348259519085824
throttle:  0.36233040220592
brake:  0.0
velocity sent:  0.0007607956979806349
steer:  0.348259434848084
throttle:  0.362374841150997
brake:  0.0
velocity sent:  0.0007607956979806349
steer:  0.348259434848084
throttle:  0.362374841150997
brake:  0.0
velocity sent:  0.0007607956979806349
steer:  0.348259434848084
throttle:  0.362374841150997
brake:  0.0
velocity sent:  0.0009613108636712277
steer:  0.348259437787861
throttle:  0.362332732966202
brake:  0.0
velocity sent:  0.0009613108636712277
steer:  0.348259437787861
throttle:  0.362332732966202
brake:  0.0
velocity sent:  0.002062881973203382
steer:  0.348259635605452
throttle:  0.3621014030332
brake:  0.0
velocity sent:  0.002062881973203382
steer:  0.348259635605452
throttle:  0.3621014030332
brake:  0.0
velocity sent:  0.002062881973203382
steer:  0.348259635605452
throttle:  0.3621014030332
brake:  0.0
velocity sent:  0.0026156304079146633
steer:  0.348259870905948
throttle:  0.361985325861911
brake:  0.0
velocity sent:  0.0026156304079146633
steer:  0.348259870905948
throttle:  0.361985325861911
brake:  0.0
velocity sent:  0.002723980648565612
steer:  0.348260125316644
throttle:  0.361962572311374
brake:  0.0
velocity sent:  0.002723980648565612
steer:  0.348260125316644
throttle:  0.361962572311374
brake:  0.0
velocity sent:  0.002723980648565612
steer:  0.348260125316644
throttle:  0.361962572311374
brake:  0.0
velocity sent:  0.003018681105444281
steer:  0.348260077316451
throttle:  0.361900685215429
brake:  0.0
velocity sent:  0.003018681105444281
steer:  0.348260077316451
throttle:  0.361900685215429
brake:  0.0
velocity sent:  0.004509793789553547
steer:  0.348260069064342
throttle:  0.361587551551766
brake:  0.0
velocity sent:  0.004509793789553547
steer:  0.348260069064342
throttle:  0.361587551551766
brake:  0.0
velocity sent:  0.004509793789553547
steer:  0.348260069064342
throttle:  0.361587551551766
brake:  0.0
velocity sent:  0.0013052867377470246
steer:  0.34825990341397
throttle:  0.362260498032646
brake:  0.0
velocity sent:  0.0013052867377470246
steer:  0.34825990341397
throttle:  0.362260498032646
brake:  0.0
velocity sent:  0.004097714097720326
steer:  0.348259799728598
throttle:  0.361674088287051
brake:  0.0
velocity sent:  0.004097714097720326
steer:  0.348259799728598
throttle:  0.361674088287051
brake:  0.0
velocity sent:  0.0012357827940561522
steer:  0.348259664439692
throttle:  0.362275093860821
brake:  0.0
velocity sent:  0.0012357827940561522
steer: Error: No spirals generated 
Error: No spirals generated 
Error: No spirals generated 
Error: No spirals generated 
Error: No spirals generated 
Error: No spirals generated 
Error: No spirals generated 
Error: No spirals generated 
Error: No spirals generated 
Error: No spirals generated 
Error: No spirals generated 
Error: No spirals generated 
Error: No spirals generated 
Error: No spirals generated 
Error: No spirals generated 
Error: No spirals generated 
Error: No spirals generated 
Error: No spirals generated 
Error: No spirals generated 
Error: No spirals generated 
Error: No spirals generated 
Error: No spirals generated 
Error: No spirals generated 
Error: No spirals generated 
Error: No spirals generated 
Error: No spirals generated 
Error: No spirals generated 
Error: No spirals generated 
Error: No spirals generated 
Error: No spirals generated 
Error: No spirals generated 
Error: No spirals generated 
Error: No spirals generated 
Error: No spirals generated 
Error: No spirals generated 
Error: No spirals generated 
Error: No spirals generated 
Error: No spirals generated 
Error: No spirals generated 
Error: No spirals generated 
Error: No spirals generated 
Error: No spirals generated 
Error: No spirals generated 
Error: No spirals generated 
Error: No spirals generated 
Error: No spirals generated 
Error: No spirals generated 
Error: No spirals generated 
Error: No spirals generated 
Error: No spirals generated 
Error: No spirals generated 
Error: No spirals generated 
Error: No spirals generated 
Error: No spirals generated 
Error: No spirals generated 
Error: No spirals generated 
Error: No spirals generated 
Error: No spirals generated 
Error: No spirals generated 
Error: No spirals generated 
Error: No spirals generated 
Error: No spirals generated 
Error: No spirals generated 
Error: No spirals generated 
Error: No spirals generated 
Error: No spirals generated 
Error: No spirals generated 
Error: No spirals generated 
Error: No spirals generated 
Error: No spirals generated 
Error: No spirals generated 
Error: No spirals generated 
Error: No spirals generated 
Error: No spirals generated 
Error: No spirals generated 
 0.348259664439692
throttle:  0.362275093860821
brake:  0.0
velocity sent:  0.0012357827940561522
steer:  0.348259664439692
throttle:  0.362275093860821
brake:  0.0
velocity sent:  0.0009527669237758701
steer:  0.348259566407652
throttle:  0.36233452719358
brake:  0.0
velocity sent:  0.0009527669237758701
steer:  0.348259566407652
throttle:  0.36233452719358
brake:  0.0
velocity sent:  0.0009527669237758701
steer:  0.348259566407652
throttle:  0.36233452719358
brake:  0.0
velocity sent:  0.0006090460761726527
steer:  0.34825952406083
throttle:  0.362406708571576
brake:  0.0
velocity sent:  0.0006090460761726527
steer:  0.34825952406083
throttle:  0.362406708571576
brake:  0.0
velocity sent:  0.0018582456273054885
steer:  0.348259686601073
throttle:  0.362144376665839
brake:  0.0
velocity sent:  0.0018582456273054885
steer:  0.348259686601073
throttle:  0.362144376665839
brake:  0.0
velocity sent:  0.0018582456273054885
steer:  0.348259686601073
throttle:  0.362144376665839
brake:  0.0
velocity sent:  0.0025471587406531754
steer:  0.348259902735561
throttle:  0.361999704912036
brake:  0.0
velocity sent:  0.0025471587406531754
steer:  0.348259902735561
throttle:  0.361999704912036
brake:  0.0
velocity sent:  0.001439917982347477
steer:  0.348260139959891
throttle:  0.36223222547128
brake:  0.0
velocity sent:  0.001439917982347477
steer:  0.348260139959891
throttle:  0.36223222547128
brake:  0.0
velocity sent:  0.001439917982347477
steer:  0.348260139959891
throttle:  0.36223222547128
brake:  0.0
velocity sent:  0.003691003465029673
steer:  0.348260212041704
throttle:  0.361759497519916
brake:  0.0
velocity sent:  0.003691003465029673
steer:  0.348260212041704
throttle:  0.361759497519916
brake:  0.0
velocity sent:  0.004960892529970386
steer:  0.348260212493976
throttle:  0.361492820816279
brake:  0.0
velocity sent:  0.004960892529970386
steer:  0.348260212493976
throttle:  0.361492820816279
brake:  0.0
velocity sent:  0.001385240834894815
steer:  0.348260068159798
throttle:  0.362243707672245
brake:  0.0
velocity sent:  0.001385240834894815
steer:  0.348260068159798
throttle:  0.362243707672245
brake:  0.0
velocity sent:  0.001385240834894815
steer:  0.348260068159798
throttle:  0.362243707672245
brake:  0.0
velocity sent:  0.003894983582458934
steer:  0.346562144307825
throttle:  0.361514298208126
brake:  0.0
velocity sent:  0.003894983582458934
steer:  0.346562209407014
throttle:  0.361715077627931
brake:  0.0
velocity sent:  0.0014232955977000648
steer:  0.346562034655527
throttle:  0.36223413210473
brake:  0.0
velocity sent:  0.0014232955977000648
steer:  0.346562034655527
throttle:  0.36223413210473
brake:  0.0
velocity sent:  0.0007537866198682337
steer:  0.346561931251867
throttle:  0.362374728990075
brake:  0.0
velocity sent:  0.0007537866198682337
steer:  0.346561931251867
throttle:  0.362374728990075
brake:  0.0
velocity sent:  0.0007537866198682337
steer:  0.346561931251867
throttle:  0.362374728990075
brake:  0.0
velocity sent:  0.0010540827505356035
steer:  0.346561963363251
throttle:  0.362311666802635
brake:  0.0
velocity sent:  0.0010540827505356035
steer:  0.346561963363251
throttle:  0.362311666802635
brake:  0.0
velocity sent:  0.0019442591742310396
steer:  0.346562123189768
throttle:  0.362124729753659
brake:  0.0
velocity sent:  0.0019442591742310396
steer:  0.346562123189768
throttle:  0.362124729753659
brake:  0.0
velocity sent:  0.0019442591742310396
steer:  0.346562123189768
throttle:  0.362124729753659
brake:  0.0
velocity sent:  0.0016069443102980803
steer:  0.346562225236553
throttle:  0.362195565875085
brake:  0.0
velocity sent:  0.0016069443102980803
steer:  0.346562225236553
throttle:  0.362195565875085
brake:  0.0
velocity sent:  0.0038073447193825603
steer:  0.346562268428576
throttle:  0.361733481789177
brake:  0.0
velocity sent:  0.0038073447193825603
steer:  0.346562268428576
throttle:  0.361733481789177
brake:  0.0
velocity sent:  0.0038073447193825603
steer:  0.346562268428576
throttle:  0.361733481789177
brake:  0.0
velocity sent:  0.002697469763928636
steer:  0.346562137491969
throttle:  0.361966555529822
brake:  0.0
velocity sent:  0.002697469763928636
steer:  0.346562137491969
throttle:  0.361966555529822
brake:  0.0
velocity sent:  0.0022674144798068025
steer:  0.346562157110219
throttle:  0.362056867139488
brake:  0.0
velocity sent:  0.0022674144798068025
steer:  0.346562157110219
throttle:  0.362056867139488
brake:  0.0
velocity sent:  0.0007374461882693365
steer:  0.346562038499846
throttle:  0.362378160480711
brake:  0.0
velocity sent:  0.0007374461882693365
steer:  0.346562038499846
throttle:  0.362378160480711
brake:  0.0
velocity sent:  0.0007374461882693365
steer:  0.346562038499846
throttle:  0.362378160480711
brake:  0.0
velocity sent:  0.00026969511111826354
steer:  0.346561974614459
throttle:  0.362476388206913
brake:  0.0
velocity sent:  0.00026969511111826354
steer:  0.346561974614459
throttle:  0.362476388206913
brake:  0.0
velocity sent:  0.001314111925354317
steer:  0.34656204777144
throttle:  0.362257060675923
brake:  0.0
velocity sent:  0.001314111925354317
steer:  0.34656204777144
throttle:  0.362257060675923
brake:  0.0
velocity sent:  0.001980298338385768
steer:  0.346562202734142
throttle:  0.362117161529186
brake:  0.0
velocity sent:  0.001980298338385768
steer:  0.346562202734142
throttle:  0.362117161529186
brake:  0.0
velocity sent:  0.0017401939571544353
steer:  0.346562399535672
throttle:  0.362167583449245
brake:  0.0
velocity sent:  0.0017401939571544353
steer:  0.346562399535672
throttle:  0.362167583449245
brake:  0.0
velocity sent:  0.0017401939571544353
steer:  0.346562399535672
throttle:  0.362167583449245
brake:  0.0
velocity sent:  0.0012218530232770905
steer:  0.346562401174226
throttle:  0.362276435045359
brake:  0.0
velocity sent:  0.0012218530232770905
steer:  0.346562401174226
throttle:  0.362276435045359
brake:  0.0
velocity sent:  0.0012218530232770905
steer:  0.346562401174226
throttle:  0.362276435045359
brake:  0.0
velocity sent:  0.005752852595183983
steer:  0.346562413329975
throttle:  0.361324925135259
brake:  0.0
velocity sent:  0.005752852595183983
steer:  0.346562413329975
throttle:  0.361324925135259
brake:  0.0
velocity sent:  0.005752852595183983
steer:  0.346562413329975
throttle:  0.361324925135259
brake:  0.0
velocity sent:  0.004029939993632155
steer:  0.346562196402326
throttle:  0.361686736781585
brake:  0.0
velocity sent:  0.004029939993632155
steer:  0.346562196402326
throttle:  0.361686736781585
brake:  0.0
velocity sent:  0.0020196336740890704
steer:  0.346562050485077
throttle:  0.362108901108689
brake:  0.0
velocity sent:  0.0020196336740890704
steer:  0.346562050485077
throttle:  0.362108901108689
brake:  0.0
velocity sent:  0.0020196336740890704
steer:  0.346562050485077
throttle:  0.362108901108689
brake:  0.0
velocity sent:  0.0026488771469756313
steer:  0.34656187742771
throttle:  0.361976759979383
brake:  0.0
velocity sent:  0.0026488771469756313
steer:  0.34656187742771
throttle:  0.361976759979383
brake:  0.0
velocity sent:  0.0011752802158386203
steer:  0.346561775947997
throttle:  0.362286215334921
brake:  0.0
velocity sent:  0.0011752802158386203
steer:  0.346561775947997
throttle:  0.362286215334921
brake:  0.0
velocity sent:  0.0005835251710239558
steer:  0.346561721163659
throttle:  0.362410483894332
brake:  0.0
velocity sent:  0.0005835251710239558
steer:  0.346561721163659
throttle:  0.362410483894332
brake:  0.0
velocity sent:  0.0005835251710239558
steer:  0.346561721163659
throttle:  0.362410483894332
brake:  0.0
velocity sent:  0.0019245259464644865
steer:  0.34656186431179
throttle:  0.36212887373149
brake:  0.0
velocity sent:  0.0019245259464644865
steer:  0.34656186431179
throttle:  0.36212887373149
brake:  0.0
velocity sent:  0.0022051288484167993
steer:  0.346562088249855
throttle:  0.36206994712208
brake:  Error: No spirals generated 
Error: No spirals generated 
Error: No spirals generated 
Error: No spirals generated 
Error: No spirals generated 
Error: No spirals generated 
Error: No spirals generated 
Error: No spirals generated 
Error: No spirals generated 
Error: No spirals generated 
Error: No spirals generated 
Error: No spirals generated 
Error: No spirals generated 
Error: No spirals generated 
Error: No spirals generated 
Error: No spirals generated 
Error: No spirals generated 
Error: No spirals generated 
Error: No spirals generated 
Error: No spirals generated 
Error: No spirals generated 
Error: No spirals generated 
Error: No spirals generated 
Error: No spirals generated 
Error: No spirals generated 
Error: No spirals generated 
Error: No spirals generated 
Error: No spirals generated 
Error: No spirals generated 
Error: No spirals generated 
Error: No spirals generated 
Error: No spirals generated 
Error: No spirals generated 
Error: No spirals generated 
Error: No spirals generated 
Error: No spirals generated 
Error: No spirals generated 
Error: No spirals generated 
Error: No spirals generated 
Error: No spirals generated 
Error: No spirals generated 
Error: No spirals generated 
Error: No spirals generated 
Error: No spirals generated 
Error: No spirals generated 
Error: No spirals generated 
Error: No spirals generated 
Error: No spirals generated 
Error: No spirals generated 
Error: No spirals generated 
Error: No spirals generated 
Error: No spirals generated 
Error: No spirals generated 
Error: No spirals generated 
Error: No spirals generated 
Error: No spirals generated 
Error: No spirals generated 
Error: No spirals generated 
Error: No spirals generated 
Error: No spirals generated 
Error: No spirals generated 
Error: No spirals generated 
Error: No spirals generated 
Error: No spirals generated 
Error: No spirals generated 
Error: No spirals generated 
Error: No spirals generated 
Error: No spirals generated 
Error: No spirals generated 
Error: No spirals generated 
Error: No spirals generated 
Error: No spirals generated 
Error: No spirals generated 
Error: No spirals generated 
Error: No spirals generated 
Error: No spirals generated 
0.0
velocity sent:  0.0022051288484167993
steer:  0.346562088249855
throttle:  0.36206994712208
brake:  0.0
velocity sent:  0.0022051288484167993
steer:  0.346562088249855
throttle:  0.36206994712208
brake:  0.0
velocity sent:  0.0016141059048079172
steer:  0.346562263679715
throttle:  0.362194061940238
brake:  0.0
velocity sent:  0.0016141059048079172
steer:  0.346562263679715
throttle:  0.362194061940238
brake:  0.0
velocity sent:  0.0038509224091454147
steer:  0.346562341414958
throttle:  0.361724330474327
brake:  0.0
velocity sent:  0.0038509224091454147
steer:  0.346562341414958
throttle:  0.361724330474327
brake:  0.0
velocity sent:  0.0005520608196382276
steer:  0.346562233714809
throttle:  0.362417091408123
brake:  0.0
velocity sent:  0.0005520608196382276
steer:  0.346562233714809
throttle:  0.362417091408123
brake:  0.0
velocity sent:  0.0005520608196382276
steer:  0.346562233714809
throttle:  0.362417091408123
brake:  0.0
velocity sent:  0.004174676329927071
steer:  0.346562142637494
throttle:  0.361656342150963
brake:  0.0
velocity sent:  0.004174676329927071
steer:  0.346562142637494
throttle:  0.361656342150963
brake:  0.0
velocity sent:  0.0023347886781652665
steer:  0.3465619573688
throttle:  0.362042718557833
brake:  0.0
velocity sent:  0.0023347886781652665
steer:  0.3465619573688
throttle:  0.362042718557833
brake:  0.0
velocity sent:  0.0023347886781652665
steer:  0.3465619573688
throttle:  0.362042718557833
brake:  0.0
velocity sent:  0.0004581321814880275
steer:  0.344864063407376
throttle:  0.362586111065611
brake:  0.0
velocity sent:  0.0004581321814880275
steer:  0.344864116620739
throttle:  0.362435978545877
brake:  0.0
velocity sent:  0.0011607499147624006
steer:  0.344864171742434
throttle:  0.362288428821889
brake:  0.0
velocity sent:  0.0011607499147624006
steer:  0.344864171742434
throttle:  0.362288428821889
brake:  0.0
velocity sent:  0.0011607499147624006
steer:  0.344864171742434
throttle:  0.362288428821889
brake:  0.0
velocity sent:  0.0020164577657729443
steer:  0.34486433207684
throttle:  0.362108730173177
brake:  0.0
velocity sent:  0.0020164577657729443
steer:  0.34486433207684
throttle:  0.362108730173177
brake:  0.0
velocity sent:  0.0
steer:  0.34486433207684
throttle:  0.36253218630399
brake:  0.0
velocity sent:  0.0
steer:  0.34486433207684
throttle:  0.36253218630399
brake:  0.0
velocity sent:  0.0
steer:  0.34486433207684
throttle:  0.36253218630399
brake:  0.0
velocity sent:  0.004272912303952398
steer:  0.344864472285042
throttle:  0.36163487472016
brake:  0.0
velocity sent:  0.004272912303952398
steer:  0.344864472285042
throttle:  0.36163487472016
brake:  0.0
velocity sent:  0.0018171879701113667
steer:  0.344864304543815
throttle:  0.362150576830266
brake:  0.0
velocity sent:  0.0018171879701113667
steer:  0.344864304543815
throttle:  0.362150576830266
brake:  0.0
velocity sent:  0.0018171879701113667
steer:  0.344864304543815
throttle:  0.362150576830266
brake:  0.0
velocity sent:  0.0024190105814825996
steer:  0.344864228843729
throttle:  0.362024194081878
brake:  0.0
velocity sent:  0.0024190105814825996
steer:  0.344864228843729
throttle:  0.362024194081878
brake:  0.0
velocity sent:  0.002871038671035504
steer:  0.344864065228465
throttle:  0.361929268183072
brake:  0.0
velocity sent:  0.002871038671035504
steer:  0.344864065228465
throttle:  0.361929268183072
brake:  0.0
velocity sent:  0.002871038671035504
steer:  0.344864065228465
throttle:  0.361929268183072
brake:  0.0
velocity sent:  0.0031709830559465773
steer:  0.344863992975993
throttle:  0.361866279862241
brake:  0.0
velocity sent:  0.0031709830559465773
steer:  0.344863992975993
throttle:  0.361866279862241
brake:  0.0
velocity sent:  0.0006326226858453576
steer:  0.344863946617973
throttle:  0.362399335539962
brake:  0.0
velocity sent:  0.0006326226858453576
steer:  0.344863946617973
throttle:  0.362399335539962
brake:  0.0
velocity sent:  0.0006326226858453576
steer:  0.344863946617973
throttle:  0.362399335539962
brake:  0.0
velocity sent:  0.0018904286238332407
steer:  0.344864102600272
throttle:  0.362135196292985
brake:  0.0
velocity sent:  0.0018904286238332407
steer:  0.344864102600272
throttle:  0.362135196292985
brake:  0.0
velocity sent:  0.002260220140297847
steer:  0.344864327046227
throttle:  0.362057540074527
brake:  0.0
velocity sent:  0.002260220140297847
steer:  0.344864327046227
throttle:  0.362057540074527
brake:  0.0
velocity sent:  0.002260220140297847
steer:  0.344864327046227
throttle:  0.362057540074527
brake:  0.0
velocity sent:  0.0038196016335042414
steer:  0.344864523732887
throttle:  0.361730069960954
brake:  0.0
velocity sent:  0.0038196016335042414
steer:  0.344864523732887
throttle:  0.361730069960954
brake:  0.0
velocity sent:  0.0038196016335042414
steer:  0.344864523732887
throttle:  0.361730069960954
brake:  0.0
velocity sent:  0.005615335277113459
steer:  0.344864427113398
throttle:  0.361352965895796
brake:  0.0
velocity sent:  0.005615335277113459
steer:  0.344864427113398
throttle:  0.361352965895796
brake:  0.0
velocity sent:  0.0039709624818795855
steer:  0.344864374308724
throttle:  0.361698284182795
brake:  0.0
velocity sent:  0.0039709624818795855
steer:  0.344864374308724
throttle:  0.361698284182795
brake:  0.0
velocity sent:  0.0039709624818795855
steer:  0.344864374308724
throttle:  0.361698284182795
brake:  0.0
velocity sent:  0.0030220642844217965
steer:  0.3448641919242
throttle:  0.361897552804261
brake:  0.0
velocity sent:  0.0030220642844217965
steer:  0.3448641919242
throttle:  0.361897552804261
brake:  0.0
velocity sent:  0.003941598918837695
steer:  0.344864117299149
throttle:  0.361704450531034
brake:  0.0
velocity sent:  0.003941598918837695
steer:  0.344864117299149
throttle:  0.361704450531034
brake:  0.0
velocity sent:  0.003941598918837695
steer:  0.344864117299149
throttle:  0.361704450531034
brake:  0.0
velocity sent:  0.0011647441253957841
steer:  0.344863964879419
throttle:  0.362287590037656
brake:  0.0
velocity sent:  0.0011647441253957841
steer:  0.344863964879419
throttle:  0.362287590037656
brake:  0.0
velocity sent:  0.0007858733255697185
steer:  0.344863885390545
throttle:  0.36236715290562
brake:  0.0
velocity sent:  0.0007858733255697185
steer:  0.344863885390545
throttle:  0.36236715290562
brake:  0.0
velocity sent:  0.0007858733255697185
steer:  0.344863885390545
throttle:  0.36236715290562
brake:  0.0
velocity sent:  0.00091415593342307
steer:  0.344863873516556
throttle:  0.362340213557971
brake:  0.0
velocity sent:  0.00091415593342307
steer:  0.344863873516556
throttle:  0.362340213557971
brake:  0.0
velocity sent:  0.00229192042336954
steer:  0.344864046006853
throttle:  0.362050883015082
brake:  0.0
velocity sent:  0.00229192042336954
steer:  0.344864046006853
throttle:  0.362050883015082
brake:  0.0
velocity sent:  0.00229192042336954
steer:  0.344864046006853
throttle:  0.362050883015082
brake:  0.0
velocity sent:  0.0025600661955281975
steer:  0.344864301548429
throttle:  0.361994572402929
brake:  0.0
velocity sent:  0.0025600661955281975
steer:  0.344864301548429
throttle:  0.361994572402929
brake:  0.0
velocity sent:  0.0015782481326367028
steer:  0.34486452039645
throttle:  0.362200754196136
brake:  0.0
velocity sent:  0.0015782481326367028
steer:  0.34486452039645
throttle:  0.362200754196136
brake:  0.0
velocity sent:  0.0015782481326367028
steer:  0.34486452039645
throttle:  0.362200754196136
brake:  0.0
velocity sent:  0.0007422897400781051
steer:  0.344864534587424
throttle:  0.362376305458573
brake:  0.0
velocity sent:  0.0007422897400781051
steer:  0.344864534587424
throttle:  0.362376305458573
brake:  0.0
velocity sent:  0.004602287742378437
steer:  0.34486453662265
throttle:  0.36156570587809
brake:  0.0
velocity sent:  0.004602287742378437
steer:  0.34486453662265
throttle:  0.36156570587809
brake:  0.0
velocity sent:  0.004602287742378437Error: No spirals generated 
Error: No spirals generated 
Error: No spirals generated 
Error: No spirals generated 
Error: No spirals generated 
Error: No spirals generated 
Error: No spirals generated 
Error: No spirals generated 
Error: No spirals generated 
Error: No spirals generated 
Error: No spirals generated 
Error: No spirals generated 
Error: No spirals generated 
Error: No spirals generated 
Error: No spirals generated 
Error: No spirals generated 
Error: No spirals generated 
Error: No spirals generated 
Error: No spirals generated 
Error: No spirals generated 
Error: No spirals generated 
Error: No spirals generated 
Error: No spirals generated 
Error: No spirals generated 
Error: No spirals generated 
Error: No spirals generated 
Error: No spirals generated 
Error: No spirals generated 
Error: No spirals generated 
Error: No spirals generated 
Error: No spirals generated 
Error: No spirals generated 
Error: No spirals generated 
Error: No spirals generated 
Error: No spirals generated 
Error: No spirals generated 
Error: No spirals generated 
Error: No spirals generated 
Error: No spirals generated 
Error: No spirals generated 
Error: No spirals generated 
Error: No spirals generated 
Error: No spirals generated 
Error: No spirals generated 
Error: No spirals generated 
Error: No spirals generated 
Error: No spirals generated 
Error: No spirals generated 
Error: No spirals generated 
Error: No spirals generated 
Error: No spirals generated 
Error: No spirals generated 
Error: No spirals generated 
Error: No spirals generated 
Error: No spirals generated 
Error: No spirals generated 
Error: No spirals generated 
Error: No spirals generated 
Error: No spirals generated 
Error: No spirals generated 
Error: No spirals generated 
Error: No spirals generated 
Error: No spirals generated 
Error: No spirals generated 
Error: No spirals generated 
Error: No spirals generated 
Error: No spirals generated 
Error: No spirals generated 
Error: No spirals generated 
Error: No spirals generated 
Error: No spirals generated 
Error: No spirals generated 
Error: No spirals generated 
Error: No spirals generated 
Error: No spirals generated 
Error: No spirals generated 

steer:  0.34486453662265
throttle:  0.36156570587809
brake:  0.0
velocity sent:  0.002841906851610459
steer:  0.344864331454043
throttle:  0.361935385865151
brake:  0.0
velocity sent:  0.002841906851610459
steer:  0.344864331454043
throttle:  0.361935385865151
brake:  0.0
velocity sent:  0.0050000097861196335
steer:  0.344864237663051
throttle:  0.361482184248904
brake:  0.0
velocity sent:  0.0050000097861196335
steer:  0.344864237663051
throttle:  0.361482184248904
brake:  0.0
velocity sent:  0.0050000097861196335
steer:  0.344864237663051
throttle:  0.361482184248904
brake:  0.0
velocity sent:  0.0010797882992391616
steer:  0.343166291354799
throttle:  0.362617224540674
brake:  0.0
velocity sent:  0.0010797882992391616
steer:  0.343166363533476
throttle:  0.362303606821724
brake:  0.0
velocity sent:  0.0005034915253658555
steer:  0.343166269401379
throttle:  0.362424629144237
brake:  0.0
velocity sent:  0.0005034915253658555
steer:  0.343166269401379
throttle:  0.362424629144237
brake:  0.0
velocity sent:  0.0005034915253658555
steer:  0.343166269401379
throttle:  0.362424629144237
brake:  0.0
velocity sent:  0.0013973993852078829
steer:  0.343166350869828
throttle:  0.36223690849367
brake:  0.0
velocity sent:  0.0013973993852078829
steer:  0.343166350869828
throttle:  0.36223690849367
brake:  0.0
velocity sent:  0.0021680237796762336
steer:  0.343166545747533
throttle:  0.362075077370832
brake:  0.0
velocity sent:  0.0021680237796762336
steer:  0.343166545747533
throttle:  0.362075077370832
brake:  0.0
velocity sent:  0.0021680237796762336
steer:  0.343166545747533
throttle:  0.362075077370832
brake:  0.0
velocity sent:  0.0012770788935273767
steer:  0.343166748484285
throttle:  0.362262175796923
brake:  0.0
velocity sent:  0.0012770788935273767
steer:  0.343166748484285
throttle:  0.362262175796923
brake:  0.0
velocity sent:  0.0012770788935273767
steer:  0.343166748484285
throttle:  0.362262175796923
brake:  0.0
velocity sent:  0.0003609822196380897
steer:  0.343166746730802
throttle:  0.36245455609844
brake:  0.0
velocity sent:  0.0003609822196380897
steer:  0.343166746730802
throttle:  0.36245455609844
brake:  0.0
velocity sent:  0.003980289164013206
steer:  0.343166724795587
throttle:  0.361694501640121
brake:  0.0
velocity sent:  0.003980289164013206
steer:  0.343166724795587
throttle:  0.361694501640121
brake:  0.0
velocity sent:  0.003980289164013206
steer:  0.343166724795587
throttle:  0.361694501640121
brake:  0.0
velocity sent:  0.0012566132207952206
steer:  0.343166590693061
throttle:  0.362266473588197
brake:  0.0
velocity sent:  0.0012566132207952206
steer:  0.343166590693061
throttle:  0.362266473588197
brake:  0.0
velocity sent:  0.005135071606044915
steer:  0.343166476434878
throttle:  0.361451997327294
brake:  0.0
velocity sent:  0.005135071606044915
steer:  0.343166476434878
throttle:  0.361451997327294
brake:  0.0
velocity sent:  0.0012827641643840125
steer:  0.343166286191114
throttle:  0.362260981890043
brake:  0.0
velocity sent:  0.0012827641643840125
steer:  0.343166286191114
throttle:  0.362260981890043
brake:  0.0
velocity sent:  0.0012827641643840125
steer:  0.343166286191114
throttle:  0.362260981890043
brake:  0.0
velocity sent:  0.0006787481494114612
steer:  0.34316627171837
throttle:  0.362387825253188
brake:  0.0
velocity sent:  0.0006787481494114612
steer:  0.34316627171837
throttle:  0.362387825253188
brake:  0.0
velocity sent:  0.0006787481494114612
steer:  0.34316627171837
throttle:  0.362387825253188
brake:  0.0
velocity sent:  0.0018237026458092136
steer:  0.343166432901772
throttle:  0.362147384808944
brake:  0.0
velocity sent:  0.0018237026458092136
steer:  0.343166432901772
throttle:  0.362147384808944
brake:  0.0
velocity sent:  0.0021636980411770365
steer:  0.343166644287372
throttle:  0.362075985775917
brake:  0.0
velocity sent:  0.0021636980411770365
steer:  0.343166644287372
throttle:  0.362075985775917
brake:  0.0
velocity sent:  0.0021636980411770365
steer:  0.343166644287372
throttle:  0.362075985775917
brake:  0.0
velocity sent:  0.004802113539369942
steer:  0.343166793088722
throttle:  0.361521918521296
brake:  0.0
velocity sent:  0.004802113539369942
steer:  0.343166793088722
throttle:  0.361521918521296
brake:  0.0
velocity sent:  0.0029336384106526613
steer:  0.343166709077265
throttle:  0.361914298298327
brake:  0.0
velocity sent:  0.0029336384106526613
steer:  0.343166709077265
throttle:  0.361914298298327
brake:  0.0
velocity sent:  0.0029336384106526613
steer:  0.343166709077265
throttle:  0.361914298298327
brake:  0.0
velocity sent:  0.0009816980619861359
steer:  0.343166636598737
throttle:  0.362324205771547
brake:  0.0
velocity sent:  0.0009816980619861359
steer:  0.343166636598737
throttle:  0.362324205771547
brake:  0.0
velocity sent:  0.0
steer:  0.343166636598737
throttle:  0.362530362364564
brake:  0.0
velocity sent:  0.0
steer:  0.343166636598737
throttle:  0.362530362364564
brake:  0.0
velocity sent:  0.0012695955135601145
steer:  0.343166503233885
throttle:  0.362263747306716
brake:  0.0
velocity sent:  0.0012695955135601145
steer:  0.343166503233885
throttle:  0.362263747306716
brake:  0.0
velocity sent:  0.0012695955135601145
steer:  0.343166503233885
throttle:  0.362263747306716
brake:  0.0
velocity sent:  0.0007768635124717711
steer:  0.343166432282644
throttle:  0.362367221026945
brake:  0.0
velocity sent:  0.0007768635124717711
steer:  0.343166432282644
throttle:  0.362367221026945
brake:  0.0
velocity sent:  0.000981838355845158
steer:  0.343166455574705
throttle:  0.362324176309836
brake:  0.0
velocity sent:  0.000981838355845158
steer:  0.343166455574705
throttle:  0.362324176309836
brake:  0.0
velocity sent:  0.001866407200264007
steer:  0.343166603697746
throttle:  0.362138416852508
brake:  0.0
velocity sent:  0.001866407200264007
steer:  0.343166603697746
throttle:  0.362138416852508
brake:  0.0
velocity sent:  0.0019901878744710555
steer:  0.343166796258346
throttle:  0.362112422910925
brake:  0.0
velocity sent:  0.0019901878744710555
steer:  0.343166796258346
throttle:  0.362112422910925
brake:  0.0
velocity sent:  0.0019901878744710555
steer:  0.343166796258346
throttle:  0.362112422910925
brake:  0.0
velocity sent:  0.0013023148073585831
steer:  0.343166866078818
throttle:  0.362256876255019
brake:  0.0
velocity sent:  0.0013023148073585831
steer:  0.343166866078818
throttle:  0.362256876255019
brake:  0.0
velocity sent:  0.0013023148073585831
steer:  0.343166866078818
throttle:  0.362256876255019
brake:  0.0
velocity sent:  0.0034023608116349364
steer:  0.343166818023024
throttle:  0.361815866594121
brake:  0.0
velocity sent:  0.0034023608116349364
steer:  0.343166818023024
throttle:  0.361815866594121
brake:  0.0
velocity sent:  0.0028590645525886247
steer:  0.343166717277483
throttle:  0.36192995880852
brake:  0.0
velocity sent:  0.0028590645525886247
steer:  0.343166717277483
throttle:  0.36192995880852
brake:  0.0
velocity sent:  0.0028590645525886247
steer:  0.343166717277483
throttle:  0.36192995880852
brake:  0.0
velocity sent:  0.002444221523347968
steer:  0.343166534270191
throttle:  0.362017075844661
brake:  0.0
velocity sent:  0.002444221523347968
steer:  0.343166534270191
throttle:  0.362017075844661
brake:  0.0
velocity sent:  0.004137127828455831
steer:  0.34316644025304
throttle:  0.361661565520588
brake:  0.0
velocity sent:  0.004137127828455831
steer:  0.34316644025304
throttle:  0.361661565520588
brake:  0.0
velocity sent:  0.0013739803616983203
steer:  0.343166317798262
throttle:  0.362241826488607
brake:  0.0
velocity sent:  0.0013739803616983203
steer:  0.343166317798262
throttle:  0.362241826488607
brake:  0.0
velocity sent:  0.0013739803616983203
steer:  0.34146857013097
throttle:  0.36224100210039
brake:  0.0
velocity sent:  0.0008727711173886263
steer:  0.341468463164687
throttle:  0.362346256041695
brake:  0.0
velocity sent: Error: No spirals generated 
Error: No spirals generated 
Error: No spirals generated 
Error: No spirals generated 
Error: No spirals generated 
Error: No spirals generated 
Error: No spirals generated 
Error: No spirals generated 
Error: No spirals generated 
Error: No spirals generated 
Error: No spirals generated 
Error: No spirals generated 
Error: No spirals generated 
Error: No spirals generated 
Error: No spirals generated 
Error: No spirals generated 
Error: No spirals generated 
Error: No spirals generated 
Error: No spirals generated 
Error: No spirals generated 
Error: No spirals generated 
Error: No spirals generated 
Error: No spirals generated 
Error: No spirals generated 
Error: No spirals generated 
Error: No spirals generated 
Error: No spirals generated 
Error: No spirals generated 
Error: No spirals generated 
Error: No spirals generated 
Error: No spirals generated 
Error: No spirals generated 
Error: No spirals generated 
Error: No spirals generated 
Error: No spirals generated 
Error: No spirals generated 
Error: No spirals generated 
Error: No spirals generated 
Error: No spirals generated 
Error: No spirals generated 
Error: No spirals generated 
Error: No spirals generated 
Error: No spirals generated 
Error: No spirals generated 
Error: No spirals generated 
Error: No spirals generated 
Error: No spirals generated 
Error: No spirals generated 
Error: No spirals generated 
Error: No spirals generated 
Error: No spirals generated 
Error: No spirals generated 
Error: No spirals generated 
Error: No spirals generated 
Error: No spirals generated 
Error: No spirals generated 
Error: No spirals generated 
Error: No spirals generated 
Error: No spirals generated 
Error: No spirals generated 
Error: No spirals generated 
Error: No spirals generated 
Error: No spirals generated 
Error: No spirals generated 
Error: No spirals generated 
Error: No spirals generated 
Error: No spirals generated 
Error: No spirals generated 
Error: No spirals generated 
Error: No spirals generated 
Error: No spirals generated 
Error: No spirals generated 
Error: No spirals generated 
Error: No spirals generated 
Error: No spirals generated 
Error: No spirals generated 
 0.0008727711173886263
steer:  0.341468463164687
throttle:  0.362346256041695
brake:  0.0
velocity sent:  0.000759026939189779
steer:  0.341468437837374
throttle:  0.362370142319117
brake:  0.0
velocity sent:  0.000759026939189779
steer:  0.341468437837374
throttle:  0.362370142319117
brake:  0.0
velocity sent:  0.000759026939189779
steer:  0.341468437837374
throttle:  0.362370142319117
brake:  0.0
velocity sent:  0.0019912614097535347
steer:  0.341468595005998
throttle:  0.362111373080299
brake:  0.0
velocity sent:  0.0019912614097535347
steer:  0.341468595005998
throttle:  0.362111373080299
brake:  0.0
velocity sent:  0.0019912614097535347
steer:  0.341468595005998
throttle:  0.362111373080299
brake:  0.0
velocity sent:  0.0022286286869002752
steer:  0.341468828894088
throttle:  0.362061525952098
brake:  0.0
velocity sent:  0.0022286286869002752
steer:  0.341468828894088
throttle:  0.362061525952098
brake:  0.0
velocity sent:  0.001882181600894139
steer:  0.341468971193145
throttle:  0.362134279840159
brake:  0.0
velocity sent:  0.001882181600894139
steer:  0.341468971193145
throttle:  0.362134279840159
brake:  0.0
velocity sent:  0.004676833298831204
steer:  0.341469063008167
throttle:  0.361547402983592
brake:  0.0
velocity sent:  0.004676833298831204
steer:  0.341469063008167
throttle:  0.361547402983592
brake:  0.0
velocity sent:  0.004676833298831204
steer:  0.341469063008167
throttle:  0.361547402983592
brake:  0.0
velocity sent:  0.0012124621535146124
steer:  0.34146895513747
throttle:  0.362274920924109
brake:  0.0
velocity sent:  0.0012124621535146124
steer:  0.34146895513747
throttle:  0.362274920924109
brake:  0.0
velocity sent:  0.003179729373077911
steer:  0.341468903860138
throttle:  0.361861794808001
brake:  0.0
velocity sent:  0.003179729373077911
steer:  0.341468903860138
throttle:  0.361861794808001
brake:  0.0
velocity sent:  0.003179729373077911
steer:  0.341468903860138
throttle:  0.361861794808001
brake:  0.0
velocity sent:  0.001419492154521117
steer:  0.341468746691655
throttle:  0.362231444623897
brake:  0.0
velocity sent:  0.001419492154521117
steer:  0.341468746691655
throttle:  0.362231444623897
brake:  0.0
velocity sent:  0.0012519645402666935
steer:  0.341468631076609
throttle:  0.362266625422891
brake:  0.0
velocity sent:  0.0012519645402666935
steer:  0.341468631076609
throttle:  0.362266625422891
brake:  0.0
velocity sent:  0.001118310881702515
steer:  0.341468519984257
throttle:  0.362294692691189
brake:  0.0
velocity sent:  0.001118310881702515
steer:  0.341468519984257
throttle:  0.362294692691189
brake:  0.0
velocity sent:  0.001118310881702515
steer:  0.341468519984257
throttle:  0.362294692691189
brake:  0.0
velocity sent:  0.0009868794005498103
steer:  0.341468544633153
throttle:  0.362322293302231
brake:  0.0
velocity sent:  0.0009868794005498103
steer:  0.341468544633153
throttle:  0.362322293302231
brake:  0.0
velocity sent:  0.0019636669483124713
steer:  0.341468712204006
throttle:  0.362117167917201
brake:  0.0
velocity sent:  0.0019636669483124713
steer:  0.341468712204006
throttle:  0.362117167917201
brake:  0.0
velocity sent:  0.0023583955219146466
steer:  0.341468924438543
throttle:  0.362034274916745
brake:  0.0
velocity sent:  0.0023583955219146466
steer:  0.341468924438543
throttle:  0.362034274916745
brake:  0.0
velocity sent:  0.0023583955219146466
steer:  0.341468924438543
throttle:  0.362034274916745
brake:  0.0
velocity sent:  0.003444324573847319
steer:  0.341469081833073
throttle:  0.361806229815839
brake:  0.0
velocity sent:  0.003444324573847319
steer:  0.341469081833073
throttle:  0.361806229815839
brake:  0.0
velocity sent:  0.0017453963559270183
steer:  0.341469027842128
throttle:  0.362163004741602
brake:  0.0
velocity sent:  0.0017453963559270183
steer:  0.341469027842128
throttle:  0.362163004741602
brake:  0.0
velocity sent:  0.0017453963559270183
steer:  0.341469027842128
throttle:  0.362163004741602
brake:  0.0
velocity sent:  0.0037440257026441614
steer:  0.34146898804215
throttle:  0.361743292578792
brake:  0.0
velocity sent:  0.0037440257026441614
steer:  0.34146898804215
throttle:  0.361743292578792
brake:  0.0
velocity sent:  0.0013988614424610658
steer:  0.34146879061774
throttle:  0.36223577707343
brake:  0.0
velocity sent:  0.0013988614424610658
steer:  0.34146879061774
throttle:  0.36223577707343
brake:  0.0
velocity sent:  0.0018136669759039714
steer:  0.341468686424445
throttle:  0.362148667911407
brake:  0.0
velocity sent:  0.0018136669759039714
steer:  0.341468686424445
throttle:  0.362148667911407
brake:  0.0
velocity sent:  0.0013111487216153862
steer:  0.341468554412652
throttle:  0.362254196744808
brake:  0.0
velocity sent:  0.0013111487216153862
steer:  0.341468554412652
throttle:  0.362254196744808
brake:  0.0
velocity sent:  0.0013111487216153862
steer:  0.341468554412652
throttle:  0.362254196744808
brake:  0.0
velocity sent:  0.00010330272099607248
steer:  0.34146848080335
throttle:  0.362507844404938
brake:  0.0
velocity sent:  0.00010330272099607248
steer:  0.34146848080335
throttle:  0.362507844404938
brake:  0.0
velocity sent:  0.00010330272099607248
steer:  0.34146848080335
throttle:  0.362507844404938
brake:  0.0
velocity sent:  0.0014795710049780406
steer:  0.341468569337669
throttle:  0.362218828065302
brake:  0.0
velocity sent:  0.0014795710049780406
steer:  0.341468569337669
throttle:  0.362218828065302
brake:  0.0
velocity sent:  0.0010114391403163734
steer:  0.341468643399224
throttle:  0.36231713575688
brake:  0.0
velocity sent:  0.0010114391403163734
steer:  0.341468643399224
throttle:  0.36231713575688
brake:  0.0
velocity sent:  6.398920425865329e-05
steer:  0.341468646394619
throttle:  0.362516100243453
brake:  0.0
velocity sent:  6.398920425865329e-05
steer:  0.341468646394619
throttle:  0.362516100243453
brake:  0.0
velocity sent:  6.398920425865329e-05
steer:  0.341468646394619
throttle:  0.362516100243453
brake:  0.0
velocity sent:  0.00247686195371644
steer:  0.341468597604743
throttle:  0.362009396966066
brake:  0.0
velocity sent:  0.00247686195371644
steer:  0.341468597604743
throttle:  0.362009396966066
brake:  0.0
velocity sent:  0.0026027183333074645
steer:  0.341468561649024
throttle:  0.361982967126352
brake:  0.0
velocity sent:  0.0026027183333074645
steer:  0.341468561649024
throttle:  0.361982967126352
brake:  0.0
velocity sent:  0.002410917700662228
steer:  0.341468447446371
throttle:  0.362023245259208
brake:  0.0
velocity sent:  0.002410917700662228
steer:  0.341468447446371
throttle:  0.362023245259208
brake:  0.0
velocity sent:  0.002410917700662228
steer:  0.341468447446371
throttle:  0.362023245259208
brake:  0.0
velocity sent:  0.0008306412812351066
steer:  0.341468373329146
throttle:  0.362355103307288
brake:  0.0
velocity sent:  0.0008306412812351066
steer:  0.341468373329146
throttle:  0.362355103307288
brake:  0.0
velocity sent:  0.0007032465431976257
steer:  0.34146828196626
throttle:  0.362381856202275
brake:  0.0
velocity sent:  0.0007032465431976257
steer:  0.339770531897595
throttle:  0.362381434254349
brake:  0.0
velocity sent:  0.0004520808592664116
steer:  0.339770496167969
throttle:  0.362434179047975
brake:  0.0
velocity sent:  0.0004520808592664116
steer:  0.339770496167969
throttle:  0.362434179047975
brake:  0.0
velocity sent:  0.0004520808592664116
steer:  0.339770496167969
throttle:  0.362434179047975
brake:  0.0
velocity sent:  0.001864772710628264
steer:  0.339770620431963
throttle:  0.362137513759189
brake:  0.0
velocity sent:  0.0024357976633419334
steer:  0.339770856978194
throttle:  0.362017598519119
brake:  0.0
velocity sent:  0.0024357976633419334
steer:  0.339770856978194
throttle:  0.362017598519119
brake:  0.0
velocity sent:  0.002559006329896869
steer:  0.339771093238853
throttle:  0.361991724699143
brake:  0.0
velocity sent:  0.002559006329896869
steer:  0.339771093238853
throttle: Error: No spirals generated 
Error: No spirals generated 
Error: No spirals generated 
Error: No spirals generated 
Error: No spirals generated 
Error: No spirals generated 
Error: No spirals generated 
Error: No spirals generated 
Error: No spirals generated 
Error: No spirals generated 
Error: No spirals generated 
Error: No spirals generated 
Error: No spirals generated 
Error: No spirals generated 
Error: No spirals generated 
Error: No spirals generated 
Error: No spirals generated 
Error: No spirals generated 
Error: No spirals generated 
Error: No spirals generated 
Error: No spirals generated 
Error: No spirals generated 
Error: No spirals generated 
Error: No spirals generated 
Error: No spirals generated 
Error: No spirals generated 
Error: No spirals generated 
Error: No spirals generated 
Error: No spirals generated 
Error: No spirals generated 
Error: No spirals generated 
Error: No spirals generated 
Error: No spirals generated 
Error: No spirals generated 
Error: No spirals generated 
Error: No spirals generated 
Error: No spirals generated 
Error: No spirals generated 
Error: No spirals generated 
Error: No spirals generated 
Error: No spirals generated 
Error: No spirals generated 
Error: No spirals generated 
Error: No spirals generated 
Error: No spirals generated 
Error: No spirals generated 
Error: No spirals generated 
Error: No spirals generated 
Error: No spirals generated 
Error: No spirals generated 
Error: No spirals generated 
Error: No spirals generated 
Error: No spirals generated 
Error: No spirals generated 
Error: No spirals generated 
Error: No spirals generated 
Error: No spirals generated 
Error: No spirals generated 
Error: No spirals generated 
Error: No spirals generated 
Error: No spirals generated 
Error: No spirals generated 
Error: No spirals generated 
Error: No spirals generated 
Error: No spirals generated 
Error: No spirals generated 
Error: No spirals generated 
Error: No spirals generated 
Error: No spirals generated 
Error: No spirals generated 
Error: No spirals generated 
Error: No spirals generated 
Error: No spirals generated 
Error: No spirals generated 
Error: No spirals generated 
Error: No spirals generated 
 0.361991724699143
brake:  0.0
velocity sent:  0.002559006329896869
steer:  0.339771093238853
throttle:  0.361991724699143
brake:  0.0
velocity sent:  0.003722230110165515
steer:  0.339771295749434
throttle:  0.361747447705286
brake:  0.0
velocity sent:  0.003722230110165515
steer:  0.339771295749434
throttle:  0.361747447705286
brake:  0.0
velocity sent:  0.0004455559555697139
steer:  0.339771252613025
throttle:  0.362435549277751
brake:  0.0
velocity sent:  0.0004455559555697139
steer:  0.339771252613025
throttle:  0.362435549277751
brake:  0.0
velocity sent:  0.0004455559555697139
steer:  0.339771252613025
throttle:  0.362435549277751
brake:  0.0
velocity sent:  0.0026527869061841788
steer:  0.339771206255095
throttle:  0.361972030778122
brake:  0.0
velocity sent:  0.0026527869061841788
steer:  0.339771206255095
throttle:  0.361972030778122
brake:  0.0
velocity sent:  0.001280600948442116
steer:  0.339771078992263
throttle:  0.362260189829248
brake:  0.0
velocity sent:  0.001280600948442116
steer:  0.339771078992263
throttle:  0.362260189829248
brake:  0.0
velocity sent:  0.001280600948442116
steer:  0.339771078992263
throttle:  0.362260189829248
brake:  0.0
velocity sent:  0.0036177464605080456
steer:  0.339770946472641
throttle:  0.361769389271714
brake:  0.0
velocity sent:  0.0036177464605080456
steer:  0.339770946472641
throttle:  0.361769389271714
brake:  0.0
velocity sent:  0.0011747970114884274
steer:  0.339770803665578
throttle:  0.362282408656008
brake:  0.0
velocity sent:  0.0011747970114884274
steer:  0.339770803665578
throttle:  0.362282408656008
brake:  0.0
velocity sent:  0.0010081534711257716
steer:  0.339770700995894
throttle:  0.362317403799485
brake:  0.0
velocity sent:  0.0010081534711257716
steer:  0.339770700995894
throttle:  0.362317403799485
brake:  0.0
velocity sent:  0.0010081534711257716
steer:  0.339770700995894
throttle:  0.362317403799485
brake:  0.0
velocity sent:  0.0008826310957925813
steer:  0.339770606411483
throttle:  0.362343763498305
brake:  0.0
velocity sent:  0.0008826310957925813
steer:  0.339770606411483
throttle:  0.362343763498305
brake:  0.0
velocity sent:  0.0012687803423420026
steer:  0.33977065763327
throttle:  0.362262672156529
brake:  0.0
velocity sent:  0.0012687803423420026
steer:  0.33977065763327
throttle:  0.362262672156529
brake:  0.0
velocity sent:  0.0022971150268040873
steer:  0.339770831365489
throttle:  0.362046721872792
brake:  0.0
velocity sent:  0.0022971150268040873
steer:  0.339770831365489
throttle:  0.362046721872792
brake:  0.0
velocity sent:  0.0022971150268040873
steer:  0.339770831365489
throttle:  0.362046721872792
brake:  0.0
velocity sent:  0.002581671945173423
steer:  0.339771069324012
throttle:  0.361986964919935
brake:  0.0
velocity sent:  0.002581671945173423
steer:  0.339771069324012
throttle:  0.361986964919935
brake:  0.0
velocity sent:  0.0024461681377691575
steer:  0.339771218125396
throttle:  0.362015420719489
brake:  0.0
velocity sent:  0.0024461681377691575
steer:  0.339771218125396
throttle:  0.362015420719489
brake:  0.0
velocity sent:  0.004010178483428524
steer:  0.339771298292536
throttle:  0.361686978546901
brake:  0.0
velocity sent:  0.004010178483428524
steer:  0.339771298292536
throttle:  0.361686978546901
brake:  0.0
velocity sent:  0.004010178483428524
steer:  0.339771298292536
throttle:  0.361686978546901
brake:  0.0
velocity sent:  0.00039579984946363806
steer:  0.339771190989046
throttle:  0.362445998060034
brake:  0.0
velocity sent:  0.00039579984946363806
steer:  0.339771190989046
throttle:  0.362445998060034
brake:  0.0
velocity sent:  0.0018974819070094197
steer:  0.339771082610445
throttle:  0.362130644827949
brake:  0.0
velocity sent:  0.0018974819070094197
steer:  0.339771082610445
throttle:  0.362130644827949
brake:  0.0
velocity sent:  0.0018974819070094197
steer:  0.339771082610445
throttle:  0.362130644827949
brake:  0.0
velocity sent:  0.0012638399782853391
steer:  0.339770969086288
throttle:  0.362263709632981
brake:  0.0
velocity sent:  0.0012638399782853391
steer:  0.339770969086288
throttle:  0.362263709632981
brake:  0.0
velocity sent:  0.0012788883228174153
steer:  0.339770821867753
throttle:  0.362260549480629
brake:  0.0
velocity sent:  0.0012788883228174153
steer:  0.339770821867753
throttle:  0.362260549480629
brake:  0.0
velocity sent:  0.00042996789221564675
steer:  0.339770771042638
throttle:  0.362438822771056
brake:  0.0
velocity sent:  0.00042996789221564675
steer:  0.339770771042638
throttle:  0.362438822771056
brake:  0.0
velocity sent:  0.00042996789221564675
steer:  0.339770771042638
throttle:  0.362438822771056
brake:  0.0
velocity sent:  0.001576317552344757
steer:  0.339770888014523
throttle:  0.362198089342429
brake:  0.0
velocity sent:  0.001576317552344757
steer:  0.339770888014523
throttle:  0.362198089342429
brake:  0.0
velocity sent:  0.0
steer:  0.339770888014523
throttle:  0.362529116028421
brake:  0.0
velocity sent:  0.0
steer:  0.339770888014523
throttle:  0.362529116028421
brake:  0.0
velocity sent:  0.0
steer:  0.339770888014523
throttle:  0.362529116028421
brake:  0.0
velocity sent:  0.004336608093813879
steer:  0.339771047162646
throttle:  0.36161842832872
brake:  0.0
velocity sent:  0.004336608093813879
steer:  0.339771047162646
throttle:  0.36161842832872
brake:  0.0
velocity sent:  0.004339630464118882
steer:  0.339770934769162
throttle:  0.361617793630956
brake:  0.0
velocity sent:  0.004339630464118882
steer:  0.339770934769162
throttle:  0.361617793630956
brake:  0.0
velocity sent:  0.004339630464118882
steer:  0.339770934769162
throttle:  0.361617793630956
brake:  0.0
velocity sent:  0.0026833908335579756
steer:  0.339770865345247
throttle:  0.361965603953374
brake:  0.0
velocity sent:  0.0026833908335579756
steer:  0.339770865345247
throttle:  0.361965603953374
brake:  0.0
velocity sent:  0.0018239721394911193
steer:  0.339770734690261
throttle:  0.362146081879128
brake:  0.0
velocity sent:  0.0018239721394911193
steer:  0.338072986311536
throttle:  0.362144987495844
brake:  0.0
velocity sent:  0.0018239721394911193
steer:  0.338072986311536
throttle:  0.362144987495844
brake:  0.0
velocity sent:  0.0027792964783246703
steer:  0.338072924631843
throttle:  0.361944369384689
brake:  0.0
velocity sent:  0.0027792964783246703
steer:  0.338072924631843
throttle:  0.361944369384689
brake:  0.0
velocity sent:  0.000897215502072591
steer:  0.338072784534684
throttle:  0.362339606389702
brake:  0.0
velocity sent:  0.000897215502072591
steer:  0.338072784534684
throttle:  0.362339606389702
brake:  0.0
velocity sent:  0.0005006553030168049
steer:  0.338072738176627
throttle:  0.362422884031504
brake:  0.0
velocity sent:  0.0005006553030168049
steer:  0.338072738176627
throttle:  0.362422884031504
brake:  0.0
velocity sent:  0.0005006553030168049
steer:  0.338072738176627
throttle:  0.362422884031504
brake:  0.0
velocity sent:  0.0017998123692122164
steer:  0.338072862384987
throttle:  0.362150061047603
brake:  0.0
velocity sent:  0.0017998123692122164
steer:  0.338072862384987
throttle:  0.362150061047603
brake:  0.0
velocity sent:  0.0023527906607983665
steer:  0.338073095198139
throttle:  0.36203393560637
brake:  0.0
velocity sent:  0.0023527906607983665
steer:  0.338073095198139
throttle:  0.36203393560637
brake:  0.0
velocity sent:  0.0023527906607983665
steer:  0.338073095198139
throttle:  0.36203393560637
brake:  0.0
velocity sent:  0.0024671041782437695
steer:  0.338073344181719
throttle:  0.362009929767706
brake:  0.0
velocity sent:  0.0024671041782437695
steer:  0.338073344181719
throttle:  0.362009929767706
brake:  0.0
velocity sent:  0.0012973925385037228
steer:  0.338073414510113
throttle:  0.362255569212051
brake:  0.0
velocity sent:  0.0012973925385037228
steer:  0.338073414510113
throttle:  0.362255569212051
brake:  0.0
velocity sent:  0.003934608853507243
steer:  0.338073450525089Error: No spirals generated 
Error: No spirals generated 
Error: No spirals generated 
Error: No spirals generated 
Error: No spirals generated 
Error: No spirals generated 
Error: No spirals generated 
Error: No spirals generated 
Error: No spirals generated 
Error: No spirals generated 
Error: No spirals generated 
Error: No spirals generated 
Error: No spirals generated 
Error: No spirals generated 
Error: No spirals generated 
Error: No spirals generated 
Error: No spirals generated 
Error: No spirals generated 
Error: No spirals generated 
Error: No spirals generated 
Error: No spirals generated 
Error: No spirals generated 
Error: No spirals generated 
Error: No spirals generated 
Error: No spirals generated 
Error: No spirals generated 
Error: No spirals generated 
Error: No spirals generated 
Error: No spirals generated 
Error: No spirals generated 
Error: No spirals generated 
Error: No spirals generated 
Error: No spirals generated 
Error: No spirals generated 
Error: No spirals generated 
Error: No spirals generated 
Error: No spirals generated 
Error: No spirals generated 
Error: No spirals generated 
Error: No spirals generated 
Error: No spirals generated 
Error: No spirals generated 
Error: No spirals generated 
Error: No spirals generated 
Error: No spirals generated 
Error: No spirals generated 
Error: No spirals generated 
Error: No spirals generated 
Error: No spirals generated 
Error: No spirals generated 
Error: No spirals generated 
Error: No spirals generated 
Error: No spirals generated 
Error: No spirals generated 
Error: No spirals generated 
Error: No spirals generated 
Error: No spirals generated 
Error: No spirals generated 
Error: No spirals generated 
Error: No spirals generated 
Error: No spirals generated 
Error: No spirals generated 
Error: No spirals generated 
Error: No spirals generated 
Error: No spirals generated 
Error: No spirals generated 
Error: No spirals generated 
Error: No spirals generated 
Error: No spirals generated 
Error: No spirals generated 
Error: No spirals generated 
Error: No spirals generated 
Error: No spirals generated 
Error: No spirals generated 
Error: No spirals generated 
Error: No spirals generated 

throttle:  0.361701753785901
brake:  0.0
velocity sent:  0.003934608853507243
steer:  0.338073450525089
throttle:  0.361701753785901
brake:  0.0
velocity sent:  0.003934608853507243
steer:  0.338073450525089
throttle:  0.361701753785901
brake:  0.0
velocity sent:  0.0005528883651653868
steer:  0.338073317100968
throttle:  0.362411915088452
brake:  0.0
velocity sent:  0.0005528883651653868
steer:  0.338073317100968
throttle:  0.362411915088452
brake:  0.0
velocity sent:  0.0035000804758042845
steer:  0.338073201938236
throttle:  0.361793004745218
brake:  0.0
velocity sent:  0.0035000804758042845
steer:  0.338073201938236
throttle:  0.361793004745218
brake:  0.0
velocity sent:  0.0035000804758042845
steer:  0.338073201938236
throttle:  0.361793004745218
brake:  0.0
velocity sent:  0.0012343929969845118
steer:  0.338073062463957
throttle:  0.362268799115771
brake:  0.0
velocity sent:  0.0012343929969845118
steer:  0.338073062463957
throttle:  0.362268799115771
brake:  0.0
velocity sent:  0.00033975982850483274
steer:  0.338073023568459
throttle:  0.362456672081151
brake:  0.0
velocity sent:  0.00033975982850483274
steer:  0.338073023568459
throttle:  0.362456672081151
brake:  0.0
velocity sent:  0.00161209050173362
steer:  0.33807313488693
throttle:  0.362189482639773
brake:  0.0
velocity sent:  0.00161209050173362
steer:  0.33807313488693
throttle:  0.362189482639773
brake:  0.0
velocity sent:  0.00161209050173362
steer:  0.33807313488693
throttle:  0.362189482639773
brake:  0.0
velocity sent:  0.0014052935469153578
steer:  0.338073307206581
throttle:  0.362232910000285
brake:  0.0
velocity sent:  0.0014052935469153578
steer:  0.338073307206581
throttle:  0.362232910000285
brake:  0.0
velocity sent:  0.00011728261341511604
steer:  0.338073312407717
throttle:  0.36250339229632
brake:  0.0
velocity sent:  0.00011728261341511604
steer:  0.338073312407717
throttle:  0.36250339229632
brake:  0.0
velocity sent:  0.004453159798707748
steer:  0.338073327050968
throttle:  0.361592858087409
brake:  0.0
velocity sent:  0.004453159798707748
steer:  0.338073327050968
throttle:  0.361592858087409
brake:  0.0
velocity sent:  0.004453159798707748
steer:  0.338073327050968
throttle:  0.361592858087409
brake:  0.0
velocity sent:  0.002711731112887353
steer:  0.338073160325459
throttle:  0.361958558111431
brake:  0.0
velocity sent:  0.002711731112887353
steer:  0.338073160325459
throttle:  0.361958558111431
brake:  0.0
velocity sent:  0.003907640607297172
steer:  0.338073098816324
throttle:  0.361707417117605
brake:  0.0
velocity sent:  0.003907640607297172
steer:  0.338073098816324
throttle:  0.361707417117605
brake:  0.0
velocity sent:  0.003907640607297172
steer:  0.338073098816324
throttle:  0.361707417117605
brake:  0.0
velocity sent:  0.0012980500384102839
steer:  0.338072963753494
throttle:  0.362255431137071
brake:  0.0
velocity sent:  0.0012980500384102839
steer:  0.338072963753494
throttle:  0.362255431137071
brake:  0.0
velocity sent:  0.0031289169851783562
steer:  0.338072877817917
throttle:  0.36187094907825
brake:  0.0
velocity sent:  0.0031289169851783562
steer:  0.338072877817917
throttle:  0.36187094907825
brake:  0.0
velocity sent:  0.0031289169851783562
steer:  0.338072877817917
throttle:  0.36187094907825
brake:  0.0
velocity sent:  0.0009251829401151726
steer:  0.338072755418665
throttle:  0.362333733227713
brake:  0.0
velocity sent:  0.0009251829401151726
steer:  0.338072755418665
throttle:  0.362333733227713
brake:  0.0
velocity sent:  0.0006452044202096724
steer:  0.338072688763916
throttle:  0.362392528716893
brake:  0.0
velocity sent:  0.0006452044202096724
steer:  0.338072688763916
throttle:  0.362392528716893
brake:  0.0
velocity sent:  0.0006452044202096724
steer:  0.338072688763916
throttle:  0.362392528716893
brake:  0.0
velocity sent:  0.001131372935419001
steer:  0.338072692211607
throttle:  0.362290433328699
brake:  0.0
velocity sent:  0.001131372935419001
steer:  0.338072692211607
throttle:  0.362290433328699
brake:  0.0
velocity sent:  0.002345948126140844
steer:  0.338072883245199
throttle:  0.362035372538648
brake:  0.0
velocity sent:  0.002345948126140844
steer:  0.338072883245199
throttle:  0.362035372538648
brake:  0.0
velocity sent:  0.002769856330412463
steer:  0.338073121259463
throttle:  0.361946351815751
brake:  0.0
velocity sent:  0.002769856330412463
steer:  0.338073121259463
throttle:  0.361946351815751
brake:  0.0
velocity sent:  0.002769856330412463
steer:  0.338073121259463
throttle:  0.361946351815751
brake:  0.0
velocity sent:  0.000377449062134653
steer:  0.338073165415361
throttle:  0.362448757342089
brake:  0.0
velocity sent:  0.000377449062134653
steer:  0.338073165415361
throttle:  0.362448757342089
brake:  0.0
velocity sent:  0.0012102868553351882
steer:  0.33807311181735
throttle:  0.362273861405517
brake:  0.0
velocity sent:  0.0012102868553351882
steer:  0.33807311181735
throttle:  0.362273861405517
brake:  0.0
velocity sent:  0.0031208060845273377
steer:  0.338073083494659
throttle:  0.361872652367387
brake:  0.0
velocity sent:  0.0031208060845273377
steer:  0.338073083494659
throttle:  0.361872652367387
brake:  0.0
velocity sent:  0.0028282739287322314
steer:  0.338072954422634
throttle:  0.361934084120103
brake:  0.0
velocity sent:  0.0028282739287322314
steer:  0.336375205778168
throttle:  0.361932387155746
brake:  0.0
velocity sent:  0.0028282739287322314
steer:  0.336375205778168
throttle:  0.361932387155746
brake:  0.0
velocity sent:  0.0007587860049476614
steer:  0.336375134148459
throttle:  0.362366979619741
brake:  0.0
velocity sent:  0.0007587860049476614
steer:  0.336375134148459
throttle:  0.362366979619741
brake:  0.0
velocity sent:  0.0007587860049476614
steer:  0.336375134148459
throttle:  0.362366979619741
brake:  0.0
velocity sent:  0.0009175618956242095
steer:  0.336375044312914
throttle:  0.362333636682699
brake:  0.0
velocity sent:  0.0009175618956242095
steer:  0.336375044312914
throttle:  0.362333636682699
brake:  0.0
velocity sent:  0.000750417662567277
steer:  0.336374983085462
throttle:  0.362368736971641
brake:  0.0
velocity sent:  0.000750417662567277
steer:  0.336374983085462
throttle:  0.362368736971641
brake:  0.0
velocity sent:  0.000750417662567277
steer:  0.336374983085462
throttle:  0.362368736971641
brake:  0.0
velocity sent:  0.0015319854221369556
steer:  0.336374897546482
throttle:  0.362204607742131
brake:  0.0
velocity sent:  0.0015319854221369556
steer:  0.336374897546482
throttle:  0.362204607742131
brake:  0.0
velocity sent:  0.0014832998641622255
steer:  0.336374945035236
throttle:  0.362214831709306
brake:  0.0
velocity sent:  0.0014832998641622255
steer:  0.336374945035236
throttle:  0.362214831709306
brake:  0.0
velocity sent:  0.0014832998641622255
steer:  0.336374945035236
throttle:  0.362214831709306
brake:  0.0
velocity sent:  0.0024634078164744665
steer:  0.336375158571226
throttle:  0.36200900903932
brake:  0.0
velocity sent:  0.0024634078164744665
steer:  0.336375158571226
throttle:  0.36200900903932
brake:  0.0
velocity sent:  0.0
steer:  0.336375158571226
throttle:  0.36252632468078
brake:  0.0
velocity sent:  0.0
steer:  0.336375158571226
throttle:  0.36252632468078
brake:  0.0
velocity sent:  0.0011625160422809263
steer:  0.336375376233181
throttle:  0.362282196311901
brake:  0.0
velocity sent:  0.0011625160422809263
steer:  0.336375376233181
throttle:  0.362282196311901
brake:  0.0
velocity sent:  0.0011625160422809263
steer:  0.336375376233181
throttle:  0.362282196311901
brake:  0.0
velocity sent:  0.0032050152462308494
steer:  0.336375394268482
throttle:  0.361853271479072
brake:  0.0
velocity sent:  0.0032050152462308494
steer:  0.336375394268482
throttle:  0.361853271479072
brake:  0.0
velocity sent:  0.0003343478571927356
steer:  0.336375286342072
throttle:  0.36245611163077
brake:  0.0
velocity sent:  0.0003343478571927356
steer:  0.336375286342072Error: No spirals generated 
Error: No spirals generated 
Error: No spirals generated 
Error: No spirals generated 
Error: No spirals generated 
Error: No spirals generated 
Error: No spirals generated 
Error: No spirals generated 
Error: No spirals generated 
Error: No spirals generated 
Error: No spirals generated 
Error: No spirals generated 
Error: No spirals generated 
Error: No spirals generated 
Error: No spirals generated 
Error: No spirals generated 
Error: No spirals generated 
Error: No spirals generated 
Error: No spirals generated 
Error: No spirals generated 
Error: No spirals generated 
Error: No spirals generated 
Error: No spirals generated 
Error: No spirals generated 
Error: No spirals generated 
Error: No spirals generated 
Error: No spirals generated 
Error: No spirals generated 
Error: No spirals generated 
Error: No spirals generated 
Error: No spirals generated 
Error: No spirals generated 
Error: No spirals generated 
Error: No spirals generated 
Error: No spirals generated 
Error: No spirals generated 
Error: No spirals generated 
Error: No spirals generated 
Error: No spirals generated 
Error: No spirals generated 
Error: No spirals generated 
Error: No spirals generated 
Error: No spirals generated 
Error: No spirals generated 
Error: No spirals generated 
Error: No spirals generated 
Error: No spirals generated 
Error: No spirals generated 
Error: No spirals generated 
Error: No spirals generated 
Error: No spirals generated 
Error: No spirals generated 
Error: No spirals generated 
Error: No spirals generated 
Error: No spirals generated 
Error: No spirals generated 
Error: No spirals generated 
Error: No spirals generated 
Error: No spirals generated 
Error: No spirals generated 
Error: No spirals generated 
Error: No spirals generated 
Error: No spirals generated 
Error: No spirals generated 
Error: No spirals generated 
Error: No spirals generated 
Error: No spirals generated 
Error: No spirals generated 
Error: No spirals generated 
Error: No spirals generated 
Error: No spirals generated 
Error: No spirals generated 
Error: No spirals generated 
Error: No spirals generated 
Error: No spirals generated 

throttle:  0.36245611163077
brake:  0.0
velocity sent:  0.0008122306282724751
steer:  0.336375209340728
throttle:  0.362355756248843
brake:  0.0
velocity sent:  0.0008122306282724751
steer:  0.336375209340728
throttle:  0.362355756248843
brake:  0.0
velocity sent:  0.0008122306282724751
steer:  0.336375209340728
throttle:  0.362355756248843
brake:  0.0
velocity sent:  0.0009635998060145568
steer:  0.336375125555263
throttle:  0.362323968721517
brake:  0.0
velocity sent:  0.0009635998060145568
steer:  0.336375125555263
throttle:  0.362323968721517
brake:  0.0
velocity sent:  0.002418973920492519
steer:  0.336375069640236
throttle:  0.362018340157477
brake:  0.0
velocity sent:  0.002418973920492519
steer:  0.336375069640236
throttle:  0.362018340157477
brake:  0.0
velocity sent:  0.002418973920492519
steer:  0.336375069640236
throttle:  0.362018340157477
brake:  0.0
velocity sent:  0.0007973231388729248
steer:  0.336375016101444
throttle:  0.362358886821617
brake:  0.0
velocity sent:  0.0007973231388729248
steer:  0.336375016101444
throttle:  0.362358886821617
brake:  0.0
velocity sent:  0.0007973231388729248
steer:  0.336375016101444
throttle:  0.362358886821617
brake:  0.0
velocity sent:  0.0021572080155281984
steer:  0.336375200069124
throttle:  0.362073310997519
brake:  0.0
velocity sent:  0.0021572080155281984
steer:  0.336375200069124
throttle:  0.362073310997519
brake:  0.0
velocity sent:  0.0024600976657470136
steer:  0.336375453857278
throttle:  0.362009704170973
brake:  0.0
velocity sent:  0.0024600976657470136
steer:  0.336375453857278
throttle:  0.362009704170973
brake:  0.0
velocity sent:  0.0020362088592543602
steer:  0.336375647774744
throttle:  0.362098720820337
brake:  0.0
velocity sent:  0.0020362088592543602
steer:  0.336375647774744
throttle:  0.362098720820337
brake:  0.0
velocity sent:  0.0020362088592543602
steer:  0.336375647774744
throttle:  0.362098720820337
brake:  0.0
velocity sent:  0.003677103278461501
steer:  0.33637576022377
throttle:  0.361754132992303
brake:  0.0
velocity sent:  0.003677103278461501
steer:  0.33637576022377
throttle:  0.361754132992303
brake:  0.0
velocity sent:  0.0016265248770006779
steer:  0.336375658177014
throttle:  0.36218475445661
brake:  0.0
velocity sent:  0.0016265248770006779
steer:  0.336375658177014
throttle:  0.36218475445661
brake:  0.0
velocity sent:  0.004520417938579627
steer:  0.336375599266659
throttle:  0.361577036913678
brake:  0.0
velocity sent:  0.004520417938579627
steer:  0.336375599266659
throttle:  0.361577036913678
brake:  0.0
velocity sent:  0.004520417938579627
steer:  0.336375599266659
throttle:  0.361577036913678
brake:  0.0
velocity sent:  0.0014013105635023507
steer:  0.33637542864123
throttle:  0.362232049462445
brake:  0.0
velocity sent:  0.0014013105635023507
steer:  0.33637542864123
throttle:  0.362232049462445
brake:  0.0
velocity sent:  0.0034122424846740897
steer:  0.336375345930884
throttle:  0.361809753758998
brake:  0.0
velocity sent:  0.0034122424846740897
steer:  0.336375345930884
throttle:  0.361809753758998
brake:  0.0
velocity sent:  0.0034122424846740897
steer:  0.336375345930884
throttle:  0.361809753758998
brake:  0.0
velocity sent:  0.00023735589029414482
steer:  0.336375293241059
throttle:  0.362476479943818
brake:  0.0
velocity sent:  0.00023735589029414482
steer:  0.336375293241059
throttle:  0.362476479943818
brake:  0.0
velocity sent:  0.0015874987705619733
steer:  0.336375407499297
throttle:  0.362192949938962
brake:  0.0
velocity sent:  0.0015874987705619733
steer:  0.336375407499297
throttle:  0.362192949938962
brake:  0.0
velocity sent:  0.0021178314755050513
steer:  0.336375595366729
throttle:  0.362081580070924
brake:  0.0
velocity sent:  0.0021178314755050513
steer:  0.336375595366729
throttle:  0.362081580070924
brake:  0.0
velocity sent:  0.0021178314755050513
steer:  0.336375595366729
throttle:  0.362081580070924
brake:  0.0
velocity sent:  0.004348741195307964
steer:  0.33637563149293
throttle:  0.361613089029765
brake:  0.0
velocity sent:  0.004348741195307964
steer:  0.33637563149293
throttle:  0.361613089029765
brake:  0.0
velocity sent:  0.004248788129336295
steer:  0.336375517290383
throttle:  0.361634079173619
brake:  0.0
velocity sent:  0.004248788129336295
steer:  0.336375517290383
throttle:  0.361634079173619
brake:  0.0
velocity sent:  0.004248788129336295
steer:  0.336375517290383
throttle:  0.361634079173619
brake:  0.0
velocity sent:  0.002266380976720167
steer:  0.334677624622248
throttle:  0.362207022697146
brake:  0.0
velocity sent:  0.002266380976720167
steer:  0.334677677514201
throttle:  0.362048430124937
brake:  0.0
velocity sent:  0.002916609649332389
steer:  0.334677546688728
throttle:  0.361911882103688
brake:  0.0
velocity sent:  0.002916609649332389
steer:  0.334677546688728
throttle:  0.361911882103688
brake:  0.0
velocity sent:  0.0009059620827475374
steer:  0.334677455666911
throttle:  0.362334118092671
brake:  0.0
velocity sent:  0.0009059620827475374
steer:  0.334677455666911
throttle:  0.362334118092671
brake:  0.0
velocity sent:  0.0009059620827475374
steer:  0.334677455666911
throttle:  0.362334118092671
brake:  0.0
velocity sent:  0.0012223070973084327
steer:  0.334677374991729
throttle:  0.362267685639613
brake:  0.0
velocity sent:  0.0012223070973084327
steer:  0.334677374991729
throttle:  0.362267685639613
brake:  0.0
velocity sent:  0.0012223070973084327
steer:  0.334677374991729
throttle:  0.362267685639613
brake:  0.0
velocity sent:  0.002659512750145647
steer:  0.334677303925533
throttle:  0.361965872452518
brake:  0.0
velocity sent:  0.002659512750145647
steer:  0.334677303925533
throttle:  0.361965872452518
brake:  0.0
velocity sent:  0.0011309418207061204
steer:  0.334677295332333
throttle:  0.3622868723477
brake:  0.0
velocity sent:  0.0011309418207061204
steer:  0.334677295332333
throttle:  0.3622868723477
brake:  0.0
velocity sent:  0.002343054745305946
steer:  0.334677484275016
throttle:  0.362032328633534
brake:  0.0
velocity sent:  0.002343054745305946
steer:  0.334677484275016
throttle:  0.362032328633534
brake:  0.0
velocity sent:  0.002343054745305946
steer:  0.334677484275016
throttle:  0.362032328633534
brake:  0.0
velocity sent:  0.002594571733467619
steer:  0.334677731052929
throttle:  0.36197951006602
brake:  0.0
velocity sent:  0.002594571733467619
steer:  0.334677731052929
throttle:  0.36197951006602
brake:  0.0
velocity sent:  0.0019388803375525107
steer:  0.334677974438626
throttle:  0.362117205259162
brake:  0.0
velocity sent:  0.0019388803375525107
steer:  0.334677974438626
throttle:  0.362117205259162
brake:  0.0
velocity sent:  0.0019388803375525107
steer:  0.334677974438626
throttle:  0.362117205259162
brake:  0.0
velocity sent:  0.0024479107502898556
steer:  0.33467802373632
throttle:  0.362010308872487
brake:  0.0
velocity sent:  0.0024479107502898556
steer:  0.33467802373632
throttle:  0.362010308872487
brake:  0.0
velocity sent:  0.00314557207459582
steer:  0.334678010790951
throttle:  0.361863799994383
brake:  0.0
velocity sent:  0.00314557207459582
steer:  0.334678010790951
throttle:  0.361863799994383
brake:  0.0
velocity sent:  0.00314557207459582
steer:  0.334678010790951
throttle:  0.361863799994383
brake:  0.0
velocity sent:  0.003019498944806129
steer:  0.334677855034968
throttle:  0.361890275351639
brake:  0.0
velocity sent:  0.003019498944806129
steer:  0.334677855034968
throttle:  0.361890275351639
brake:  0.0
velocity sent:  0.004149791772481555
steer:  0.33467776587794
throttle:  0.361652913857827
brake:  0.0
velocity sent:  0.004149791772481555
steer:  0.33467776587794
throttle:  0.361652913857827
brake:  0.0
velocity sent:  0.0032678722367911373
steer:  0.334677569869551
throttle:  0.361838116960322
brake:  0.0
velocity sent:  0.0032678722367911373
steer:  0.334677569869551
throttle:  0.361838116960322
brake:  0.0
velocity sent:  0.0032678722367911373Error: No spirals generated 
Error: No spirals generated 
Error: No spirals generated 
Error: No spirals generated 
Error: No spirals generated 
Error: No spirals generated 
Error: No spirals generated 
Error: No spirals generated 
Error: No spirals generated 
Error: No spirals generated 
Error: No spirals generated 
Error: No spirals generated 
Error: No spirals generated 
Error: No spirals generated 
Error: No spirals generated 
Error: No spirals generated 
Error: No spirals generated 
Error: No spirals generated 
Error: No spirals generated 
Error: No spirals generated 
Error: No spirals generated 
Error: No spirals generated 
Error: No spirals generated 
Error: No spirals generated 
Error: No spirals generated 
Error: No spirals generated 
Error: No spirals generated 
Error: No spirals generated 
Error: No spirals generated 
Error: No spirals generated 
Error: No spirals generated 
Error: No spirals generated 
Error: No spirals generated 
Error: No spirals generated 
Error: No spirals generated 
Error: No spirals generated 
Error: No spirals generated 
Error: No spirals generated 
Error: No spirals generated 
Error: No spirals generated 
Error: No spirals generated 
Error: No spirals generated 
Error: No spirals generated 
Error: No spirals generated 
Error: No spirals generated 
Error: No spirals generated 
Error: No spirals generated 
Error: No spirals generated 
Error: No spirals generated 
Error: No spirals generated 
Error: No spirals generated 
Error: No spirals generated 
Error: No spirals generated 
Error: No spirals generated 
Error: No spirals generated 
Error: No spirals generated 
Error: No spirals generated 
Error: No spirals generated 
Error: No spirals generated 
Error: No spirals generated 
Error: No spirals generated 
Error: No spirals generated 
Error: No spirals generated 
Error: No spirals generated 
Error: No spirals generated 
Error: No spirals generated 
Error: No spirals generated 
Error: No spirals generated 
Error: No spirals generated 
Error: No spirals generated 
Error: No spirals generated 
Error: No spirals generated 
Error: No spirals generated 
Error: No spirals generated 
Error: No spirals generated 
Error: No spirals generated 
Error: No spirals generated 

steer:  0.334677569869551
throttle:  0.361838116960322
brake:  0.0
velocity sent:  0.0032678722367911373
steer:  0.334677569869551
throttle:  0.361838116960322
brake:  0.0
velocity sent:  0.0015948000351752205
steer:  0.334677487781951
throttle:  0.362189462122661
brake:  0.0
velocity sent:  0.0015948000351752205
steer:  0.334677487781951
throttle:  0.362189462122661
brake:  0.0
velocity sent:  0.004448275951750556
steer:  0.334677330383539
throttle:  0.361590232180181
brake:  0.0
velocity sent:  0.004448275951750556
steer:  0.334677330383539
throttle:  0.361590232180181
brake:  0.0
velocity sent:  0.004448275951750556
steer:  0.334677330383539
throttle:  0.361590232180181
brake:  0.0
velocity sent:  0.0010080260516436455
steer:  0.334677317267605
throttle:  0.362312684659203
brake:  0.0
velocity sent:  0.0010080260516436455
steer:  0.334677317267605
throttle:  0.362312684659203
brake:  0.0
velocity sent:  0.0010080260516436455
steer:  0.334677317267605
throttle:  0.362312684659203
brake:  0.0
velocity sent:  0.002237154650229137
steer:  0.334677515029601
throttle:  0.3620545676535
brake:  0.0
velocity sent:  0.002237154650229137
steer:  0.334677515029601
throttle:  0.3620545676535
brake:  0.0
velocity sent:  0.002642490136801586
steer:  0.334677792676942
throttle:  0.36196944720132
brake:  0.0
velocity sent:  0.002642490136801586
steer:  0.334677792676942
throttle:  0.36196944720132
brake:  0.0
velocity sent:  0.0025681266748231453
steer:  0.334678031198814
throttle:  0.361985063528335
brake:  0.0
velocity sent:  0.0025681266748231453
steer:  0.334678031198814
throttle:  0.361985063528335
brake:  0.0
velocity sent:  0.0025681266748231453
steer:  0.334678031198814
throttle:  0.361985063528335
brake:  0.0
velocity sent:  0.0021887306434144444
steer:  0.334678109330711
throttle:  0.362064736694931
brake:  0.0
velocity sent:  0.0021887306434144444
steer:  0.334678109330711
throttle:  0.362064736694931
brake:  0.0
velocity sent:  0.0021887306434144444
steer:  0.334678109330711
throttle:  0.362064736694931
brake:  0.0
velocity sent:  0.0058533315469572605
steer:  0.334678161853616
throttle:  0.361295170505187
brake:  0.0
velocity sent:  0.0058533315469572605
steer:  0.334678161853616
throttle:  0.361295170505187
brake:  0.0
velocity sent:  0.002763400158077762
steer:  0.33467796013273
throttle:  0.361944056096852
brake:  0.0
velocity sent:  0.002763400158077762
steer:  0.33467796013273
throttle:  0.361944056096852
brake:  0.0
velocity sent:  0.002763400158077762
steer:  0.33467796013273
throttle:  0.361944056096852
brake:  0.0
velocity sent:  0.006262390454272849
steer:  0.334677883302008
throttle:  0.361209268134651
brake:  0.0
velocity sent:  0.006262390454272849
steer:  0.334677883302008
throttle:  0.361209268134651
brake:  0.0
velocity sent:  0.0015085956666176616
steer:  0.334677661740264
throttle:  0.362207565040059
brake:  0.0
velocity sent:  0.0015085956666176616
steer:  0.334677661740264
throttle:  0.362207565040059
brake:  0.0
velocity sent:  0.0015085956666176616
steer:  0.334677661740264
throttle:  0.362207565040059
brake:  0.0
velocity sent:  0.0012433675766725049
steer:  0.334677559185507
throttle:  0.362263262938947
brake:  0.0
velocity sent:  0.0012433675766725049
steer:  0.334677559185507
throttle:  0.362263262938947
brake:  0.0
velocity sent:  0.0012433675766725049
steer:  0.334677559185507
throttle:  0.362263262938947
brake:  0.0
velocity sent:  0.0014528310581908568
steer:  0.3346774414203
throttle:  0.362219275607828
brake:  0.0
velocity sent:  0.0014528310581908568
steer:  0.3346774414203
throttle:  0.362219275607828
brake:  0.0
velocity sent:  0.0007061376745099666
steer:  0.332979558084312
throttle:  0.362435168998476
brake:  0.0
velocity sent:  0.0007061376745099666
steer:  0.332979606619423
throttle:  0.362375433527781
brake:  0.0
velocity sent:  0.0007061376745099666
steer:  0.332979606619423
throttle:  0.362375433527781
brake:  0.0
velocity sent:  0.0010216031027172159
steer:  0.332979606393287
throttle:  0.362309185787858
brake:  0.0
velocity sent:  0.0010216031027172159
steer:  0.332979606393287
throttle:  0.362309185787858
brake:  0.0
velocity sent:  0.0023287735181493924
steer:  0.332979806698403
throttle:  0.362034680000617
brake:  0.0
velocity sent:  0.0023287735181493924
steer:  0.332979806698403
throttle:  0.362034680000617
brake:  0.0
velocity sent:  0.0023287735181493924
steer:  0.332979806698403
throttle:  0.362034680000617
brake:  0.0
velocity sent:  0.0026340044917803505
steer:  0.332980090903677
throttle:  0.361970581496155
brake:  0.0
velocity sent:  0.0026340044917803505
steer:  0.332980090903677
throttle:  0.361970581496155
brake:  0.0
velocity sent:  0.0026340044917803505
steer:  0.332980090903677
throttle:  0.361970581496155
brake:  0.0
velocity sent:  0.00031597289975283265
steer:  0.332980159819647
throttle:  0.36245736813048
brake:  0.0
velocity sent:  0.00031597289975283265
steer:  0.332980159819647
throttle:  0.36245736813048
brake:  0.0
velocity sent:  0.004444496134900359
steer:  0.332980160724192
throttle:  0.361590378251099
brake:  0.0
velocity sent:  0.004444496134900359
steer:  0.332980160724192
throttle:  0.361590378251099
brake:  0.0
velocity sent:  0.004444496134900359
steer:  0.332980160724192
throttle:  0.361590378251099
brake:  0.0
velocity sent:  0.0031269745454018186
steer:  0.332980039003535
throttle:  0.361867057784894
brake:  0.0
velocity sent:  0.0031269745454018186
steer:  0.332980039003535
throttle:  0.361867057784894
brake:  0.0
velocity sent:  0.0044337753951691795
steer:  0.332979941931712
throttle:  0.361592629606443
brake:  0.0
velocity sent:  0.0044337753951691795
steer:  0.332979941931712
throttle:  0.361592629606443
brake:  0.0
velocity sent:  0.0044337753951691795
steer:  0.332979941931712
throttle:  0.361592629606443
brake:  0.0
velocity sent:  0.00113137755560792
steer:  0.332979773964216
throttle:  0.362286133152751
brake:  0.0
velocity sent:  0.00113137755560792
steer:  0.332979773964216
throttle:  0.362286133152751
brake:  0.0
velocity sent:  0.00102981643276455
steer:  0.332979654334281
throttle:  0.362307460988548
brake:  0.0
velocity sent:  0.00102981643276455
steer:  0.332979654334281
throttle:  0.362307460988548
brake:  0.0
velocity sent:  0.00102981643276455
steer:  0.332979654334281
throttle:  0.362307460988548
brake:  0.0
velocity sent:  0.0006510701207232853
steer:  0.332979555000991
throttle:  0.362386997714077
brake:  0.0
velocity sent:  0.0006510701207232853
steer:  0.332979555000991
throttle:  0.362386997714077
brake:  0.0
velocity sent:  0.0006510701207232853
steer:  0.332979555000991
throttle:  0.362386997714077
brake:  0.0
velocity sent:  0.00048340809917620203
steer:  0.332979522663423
throttle:  0.362422206738601
brake:  0.0
velocity sent:  0.00048340809917620203
steer:  0.332979522663423
throttle:  0.362422206738601
brake:  0.0
velocity sent:  0.00207130628907095
steer:  0.332979667676347
throttle:  0.362088748118724
brake:  0.0
velocity sent:  0.00207130628907095
steer:  0.332979667676347
throttle:  0.362088748118724
brake:  0.0
velocity sent:  0.00207130628907095
steer:  0.332979667676347
throttle:  0.362088748118724
brake:  0.0
velocity sent:  0.002640097182957367
steer:  0.332979922991865
throttle:  0.361969302031007
brake:  0.0
velocity sent:  0.002640097182957367
steer:  0.332979922991865
throttle:  0.361969302031007
brake:  0.0
velocity sent:  0.0
steer:  0.332979922991865
throttle:  0.362523722439428
brake:  0.0
velocity sent:  0.0
steer:  0.332979922991865
throttle:  0.362523722439428
brake:  0.0
velocity sent:  0.0
steer:  0.332979922991865
throttle:  0.362523722439428
brake:  0.0
velocity sent:  0.004994553839256486
steer:  0.332980141161555
throttle:  0.361474866133185
brake:  0.0
velocity sent:  0.004994553839256486
steer:  0.332980141161555
throttle:  0.361474866133185
brake:  0.0
velocity sent:  0.0017670459268180724
steer: Error: No spirals generated 
Error: No spirals generated 
Error: No spirals generated 
Error: No spirals generated 
Error: No spirals generated 
Error: No spirals generated 
Error: No spirals generated 
Error: No spirals generated 
Error: No spirals generated 
Error: No spirals generated 
Error: No spirals generated 
Error: No spirals generated 
Error: No spirals generated 
Error: No spirals generated 
